method,eps,cumsum_opers,log_errs
aespappr,1e-6,1,-1.4912931698463163
aespappr,1e-6,2,-1.4912931698463163
aespappr,1e-6,5,-1.7507649289185856
aespappr,1e-6,7,-2.157378786034406
aespappr,1e-6,8,-2.2689623953499307
aespappr,1e-6,11,-2.2689623953499307
aespappr,1e-6,14,-2.2689623953499307
aespappr,1e-6,15,-2.2689623953499307
aespappr,1e-6,18,-2.2689623953499307
aespappr,1e-6,21,-2.2689623953499307
aespappr,1e-6,24,-2.2689623953499307
aespappr,1e-6,27,-2.2689623953499307
aespappr,1e-6,116,-2.7062310199341058
aespappr,1e-6,119,-3.026761391226805
aespappr,1e-6,121,-3.2361612876573687
aespappr,1e-6,130,-3.359990158033834
aespappr,1e-6,225,-3.746632995114336
aespappr,1e-6,311,-4.015840539195172
aespappr,1e-6,377,-4.183624346732304
aespappr,1e-6,637,-4.5214866749502285
aespappr,1e-6,865,-4.745848143568863
aespappr,1e-6,1211,-4.880250386178106
aespappr,1e-6,1708,-5.196944236166525
aespappr,1e-6,2037,-5.403096886043946
aespappr,1e-6,2924,-5.739469186996921
aespappr,1e-6,3795,-6.14338865566872
aespappr,1e-6,5013,-6.146178585904681
aespappr,1e-6,6767,-6.146178585904681
aespappr,1e-6,9383,-6.171478370193973
aespappr,1e-6,12844,-6.171478370193973
aespappr,1e-6,17631,-6.171478370193973
aespappr,1e-6,25152,-6.2407011649365876
aespappr,1e-6,36686,-6.528233178201944
aespappr,1e-6,48356,-6.637998267637314
aespappr,1e-6,65507,-6.637998267637314
aespappr,1e-6,89334,-6.637998267637314
aespappr,1e-6,122501,-6.637998267637314
aespappr,1e-6,162751,-6.637998267637314
aespappr,1e-6,210733,-6.637998267637314
aespappr,1e-6,285826,-6.9337497390387774
aespappr,1e-6,365469,-6.994307901448971
aespappr,1e-6,463839,-6.994307901448971
aespappr,1e-6,590317,-6.994307901448971
aesplocgd,1e-6,1,-1.4912931698463163
aesplocgd,1e-6,2,-1.4912931698463163
aesplocgd,1e-6,5,-1.7507649289185856
aesplocgd,1e-6,7,-2.157378786034406
aesplocgd,1e-6,8,-2.2689623953499307
aesplocgd,1e-6,11,-2.2689623953499307
aesplocgd,1e-6,14,-2.2689623953499307
aesplocgd,1e-6,15,-2.2689623953499307
aesplocgd,1e-6,18,-2.2689623953499307
aesplocgd,1e-6,21,-2.2689623953499307
aesplocgd,1e-6,24,-2.2689623953499307
aesplocgd,1e-6,27,-2.2689623953499307
aesplocgd,1e-6,28,-2.2689623953499307
aesplocgd,1e-6,116,-2.7096934590084203
aesplocgd,1e-6,117,-3.033930781326967
aesplocgd,1e-6,120,-3.2464902169813596
aesplocgd,1e-6,127,-3.3725295304541096
aesplocgd,1e-6,223,-3.7530128472318407
aesplocgd,1e-6,308,-4.016322037504919
aesplocgd,1e-6,374,-4.179564160270513
aesplocgd,1e-6,637,-4.51516535491535
aesplocgd,1e-6,863,-4.7375473663863925
aesplocgd,1e-6,1220,-4.8705351568284305
aesplocgd,1e-6,1708,-5.173544638098297
aesplocgd,1e-6,2152,-5.5683602599248125
aesplocgd,1e-6,2977,-5.845505063643148
aesplocgd,1e-6,3668,-6.019476026934026
aesplocgd,1e-6,4961,-6.146178585904681
aesplocgd,1e-6,6887,-6.146178585904681
aesplocgd,1e-6,9555,-6.171478370193973
aesplocgd,1e-6,13242,-6.171478370193973
aesplocgd,1e-6,18090,-6.171478370193973
aesplocgd,1e-6,25374,-6.2407011649365876
aesplocgd,1e-6,37054,-6.526909554454501
aesplocgd,1e-6,49351,-6.637998267637314
aesplocgd,1e-6,66776,-6.637998267637314
aesplocgd,1e-6,90759,-6.637998267637314
aesplocgd,1e-6,124819,-6.637998267637314
aesplocgd,1e-6,166108,-6.637998267637314
aesplocgd,1e-6,218223,-6.637998267637314
aesplocgd,1e-6,292440,-6.9300308937738775
aesplocgd,1e-6,374874,-6.994307901448971
aesplocgd,1e-6,479089,-6.994307901448971
aesplocgd,1e-6,611193,-6.994307901448971
locgd,1e-6,1,-1.2950033898639888
locgd,1e-6,3,-1.4912931698463163
locgd,1e-6,90,-2.2689623953499307
locgd,1e-6,1234,-2.572806255590254
locgd,1e-6,20152,-3.1567714973697734
locgd,1e-6,48467,-3.651567705273106
locgd,1e-6,83036,-4.142264999162362
locgd,1e-6,124563,-4.728804926391589
locgd,1e-6,164859,-5.152140768225553
locgd,1e-6,206596,-5.804851059498128
locgd,1e-6,242291,-6.164349347030866
locgd,1e-6,273329,-6.879693354161913
locgd,1e-6,297899,-6.994307901448971
locgd,1e-6,316150,-6.994307901448971
locgd,1e-6,332229,-6.994307901448971
locgd,1e-6,341867,-6.994307901448971
locgd,1e-6,349684,-6.994307901448971
locgd,1e-6,354918,-6.994307901448971
locgd,1e-6,358376,-6.994307901448971
locgd,1e-6,361040,-6.994307901448971
locgd,1e-6,362182,-6.994307901448971
locgd,1e-6,363037,-6.994307901448971
locgd,1e-6,363993,-6.994307901448971
locgd,1e-6,364314,-6.994307901448971
locgd,1e-6,364431,-6.994307901448971
locgd,1e-6,364473,-6.994307901448971
locgd,1e-6,364489,-6.994307901448971
locgd,1e-6,364490,-6.994307901448971
appr,1e-6,1,-1.2950033898639888
appr,1e-6,4,-1.4912931698463163
appr,1e-6,93,-1.7143463148664646
appr,1e-6,1324,-1.7143463148664646
appr,1e-6,6121,-2.0026866763982194
appr,1e-6,12691,-2.0026866763982194
appr,1e-6,27621,-2.3140061412352653
appr,1e-6,47432,-2.633863339985606
appr,1e-6,72402,-2.956916630399619
appr,1e-6,104959,-3.281133579737836
appr,1e-6,142435,-3.6057350584335537
appr,1e-6,184272,-3.9304236194606275
appr,1e-6,227870,-4.255087516336967
appr,1e-6,271417,-4.5796862405149374
appr,1e-6,314576,-4.904206143619287
appr,1e-6,354302,-5.2286432031329175
appr,1e-6,398862,-5.552996287396121
appr,1e-6,435701,-5.877264633477542
appr,1e-6,470341,-6.201446794661714
appr,1e-6,500942,-6.5255398169236445
appr,1e-6,526760,-6.843413564604153
appr,1e-6,549000,-6.991994903493311
appr,1e-6,568954,-6.991994903493311
appr,1e-6,584842,-6.991994903493311
appr,1e-6,597292,-6.991994903493311
appr,1e-6,607547,-6.991994903493311
appr,1e-6,615599,-6.991994903493311
appr,1e-6,621266,-6.991994903493311
appr,1e-6,625098,-6.991994903493311
appr,1e-6,627572,-6.991994903493311
appr,1e-6,629255,-6.991994903493311
appr,1e-6,630198,-6.991994903493311
appr,1e-6,631055,-6.991994903493311
appr,1e-6,631518,-6.991994903493311
appr,1e-6,631884,-6.991994903493311
appr,1e-6,632172,-6.991994903493311
appr,1e-6,632422,-6.991994903493311
appr,1e-6,632502,-6.991994903493311
appr,1e-6,632581,-6.991994903493311
appr,1e-6,632682,-6.991994903493311
appr,1e-6,632743,-6.991994903493311
appr,1e-6,632892,-6.991994903493311
appr,1e-6,632988,-6.991994903493311
appr,1e-6,633037,-6.991994903493311
appr,1e-6,633080,-6.991994903493311
appr,1e-6,633118,-6.991994903493311
appr,1e-6,633157,-6.991994903493311
appr,1e-6,633185,-6.991994903493311
appr,1e-6,633212,-6.991994903493311
appr,1e-6,633240,-6.991994903493311
appr,1e-6,633243,-6.991994903493311
appr,1e-6,633246,-6.991994903493311
appr,1e-6,633247,-6.991994903493311
appr,1e-6,633250,-6.991994903493311
appr,1e-6,633251,-6.991994903493311
appr,1e-6,633253,-6.991994903493311
appr,1e-6,633254,-6.991994903493311
appropt,1e-6,1,-1.2950033898639888
appropt,1e-6,3,-1.4912931698463163
appropt,1e-6,90,-2.2689623953499307
appropt,1e-6,1234,-2.572806255590254
appropt,1e-6,61114,-3.1567714973697734
appropt,1e-6,180304,-3.651567705273107
appropt,1e-6,373412,-4.545385582049164
appropt,1e-6,573866,-5.622503989176404
appropt,1e-6,781951,-6.698239732136307
appropt,1e-6,967166,-7.553970771416466
appropt,1e-6,1105611,-7.658129077115003
appropt,1e-6,1222372,-7.658129077115003
appropt,1e-6,1291507,-7.7339058666236005
appropt,1e-6,1340618,-7.7339058666236005
appropt,1e-6,1370775,-7.7339058666236005
appropt,1e-6,1388043,-7.7339058666236005
appropt,1e-6,1397562,-7.7339058666236005
appropt,1e-6,1406478,-7.7339058666236005
appropt,1e-6,1409034,-7.7339058666236005
appropt,1e-6,1410895,-7.7339058666236005
appropt,1e-6,1411739,-7.7339058666236005
appropt,1e-6,1412036,-7.7339058666236005
appropt,1e-6,1412172,-7.7339058666236005
appropt,1e-6,1412188,-7.7339058666236005
aespappr,1e-7,1,-1.4912931698463163
aespappr,1e-7,2,-1.4912931698463163
aespappr,1e-7,5,-1.7507649289185856
aespappr,1e-7,7,-2.157378786034406
aespappr,1e-7,8,-2.2689623953499307
aespappr,1e-7,11,-2.2689623953499307
aespappr,1e-7,14,-2.2689623953499307
aespappr,1e-7,15,-2.2689623953499307
aespappr,1e-7,18,-2.2689623953499307
aespappr,1e-7,21,-2.2689623953499307
aespappr,1e-7,24,-2.2689623953499307
aespappr,1e-7,27,-2.2689623953499307
aespappr,1e-7,116,-2.7062310199341058
aespappr,1e-7,119,-3.026761391226805
aespappr,1e-7,121,-3.2361612876573687
aespappr,1e-7,130,-3.359990158033834
aespappr,1e-7,225,-3.746632995114336
aespappr,1e-7,311,-4.015840539195172
aespappr,1e-7,377,-4.183624346732304
aespappr,1e-7,637,-4.5214866749502285
aespappr,1e-7,865,-4.745848143568863
aespappr,1e-7,1211,-4.880250386178106
aespappr,1e-7,1708,-5.196944236166525
aespappr,1e-7,2037,-5.403096886043946
aespappr,1e-7,2924,-5.739469186996921
aespappr,1e-7,3795,-6.14338865566872
aespappr,1e-7,5013,-6.146178585904681
aespappr,1e-7,6767,-6.146178585904681
aespappr,1e-7,9383,-6.171478370193973
aespappr,1e-7,12844,-6.171478370193973
aespappr,1e-7,17631,-6.171478370193973
aespappr,1e-7,25152,-6.2407011649365876
aespappr,1e-7,36686,-6.528233178201944
aespappr,1e-7,48356,-6.637998267637314
aespappr,1e-7,65507,-6.637998267637314
aespappr,1e-7,89334,-6.637998267637314
aespappr,1e-7,122501,-6.637998267637314
aespappr,1e-7,162751,-6.637998267637314
aespappr,1e-7,210733,-6.637998267637314
aespappr,1e-7,285826,-6.9337497390387774
aespappr,1e-7,365469,-6.994307901448971
aespappr,1e-7,463839,-6.994307901448971
aespappr,1e-7,590317,-6.994307901448971
aespappr,1e-7,749163,-6.994307901448971
aespappr,1e-7,934231,-6.994307901448971
aespappr,1e-7,1189025,-7.224253040804932
aespappr,1e-7,1502247,-7.362671190897884
aespappr,1e-7,1855625,-7.439798311260061
aespappr,1e-7,2337358,-7.625899395875793
aespappr,1e-7,2949623,-7.733787556166756
aespappr,1e-7,3727352,-7.7924358097493736
aesplocgd,1e-7,1,-1.4912931698463163
aesplocgd,1e-7,2,-1.4912931698463163
aesplocgd,1e-7,5,-1.7507649289185856
aesplocgd,1e-7,7,-2.157378786034406
aesplocgd,1e-7,8,-2.2689623953499307
aesplocgd,1e-7,11,-2.2689623953499307
aesplocgd,1e-7,14,-2.2689623953499307
aesplocgd,1e-7,15,-2.2689623953499307
aesplocgd,1e-7,18,-2.2689623953499307
aesplocgd,1e-7,21,-2.2689623953499307
aesplocgd,1e-7,24,-2.2689623953499307
aesplocgd,1e-7,27,-2.2689623953499307
aesplocgd,1e-7,28,-2.2689623953499307
aesplocgd,1e-7,116,-2.7096934590084203
aesplocgd,1e-7,117,-3.033930781326967
aesplocgd,1e-7,120,-3.2464902169813596
aesplocgd,1e-7,127,-3.3725295304541096
aesplocgd,1e-7,223,-3.7530128472318407
aesplocgd,1e-7,308,-4.016322037504919
aesplocgd,1e-7,374,-4.179564160270513
aesplocgd,1e-7,637,-4.51516535491535
aesplocgd,1e-7,863,-4.7375473663863925
aesplocgd,1e-7,1220,-4.8705351568284305
aesplocgd,1e-7,1708,-5.173544638098297
aesplocgd,1e-7,2152,-5.5683602599248125
aesplocgd,1e-7,2977,-5.845505063643148
aesplocgd,1e-7,3668,-6.019476026934026
aesplocgd,1e-7,4961,-6.146178585904681
aesplocgd,1e-7,6887,-6.146178585904681
aesplocgd,1e-7,9555,-6.171478370193973
aesplocgd,1e-7,13242,-6.171478370193973
aesplocgd,1e-7,18090,-6.171478370193973
aesplocgd,1e-7,25374,-6.2407011649365876
aesplocgd,1e-7,37054,-6.526909554454501
aesplocgd,1e-7,49351,-6.637998267637314
aesplocgd,1e-7,66776,-6.637998267637314
aesplocgd,1e-7,90759,-6.637998267637314
aesplocgd,1e-7,124819,-6.637998267637314
aesplocgd,1e-7,166108,-6.637998267637314
aesplocgd,1e-7,218223,-6.637998267637314
aesplocgd,1e-7,292440,-6.9300308937738775
aesplocgd,1e-7,374874,-6.994307901448971
aesplocgd,1e-7,479089,-6.994307901448971
aesplocgd,1e-7,611193,-6.994307901448971
aesplocgd,1e-7,770074,-6.994307901448971
aesplocgd,1e-7,960420,-6.994307901448971
aesplocgd,1e-7,1223305,-7.223740460784448
aesplocgd,1e-7,1544629,-7.361788341226789
aesplocgd,1e-7,1912131,-7.438685863650578
aesplocgd,1e-7,2409746,-7.623977988881554
aesplocgd,1e-7,3041668,-7.731323797227783
aesplocgd,1e-7,3861811,-7.901180468616584
aesplocgd,1e-7,4862580,-7.998316550834695
locgd,1e-7,1,-1.2950033898639888
locgd,1e-7,3,-1.4912931698463163
locgd,1e-7,90,-2.2689623953499307
locgd,1e-7,1234,-2.572806255590254
locgd,1e-7,36711,-3.1567714973697734
locgd,1e-7,157711,-3.651567705273106
locgd,1e-7,326786,-4.142264999162362
locgd,1e-7,548580,-4.728804926391589
locgd,1e-7,790753,-5.1523985211378704
locgd,1e-7,1039090,-5.804855768929637
locgd,1e-7,1284695,-6.166094573737563
locgd,1e-7,1525735,-6.879731895706181
locgd,1e-7,1756559,-7.172479749076224
locgd,1e-7,1971811,-7.308585498097008
locgd,1e-7,2145608,-7.781903935257254
locgd,1e-7,2307432,-7.781903935257254
locgd,1e-7,2439379,-7.781903935257254
locgd,1e-7,2544487,-7.781903935257254
locgd,1e-7,2637764,-7.781903935257254
locgd,1e-7,2703570,-7.781903935257254
locgd,1e-7,2751120,-7.781903935257254
locgd,1e-7,2785574,-7.781903935257254
locgd,1e-7,2809200,-7.781903935257254
locgd,1e-7,2825210,-7.781903935257254
locgd,1e-7,2835532,-7.781903935257254
locgd,1e-7,2841813,-7.781903935257254
locgd,1e-7,2845574,-7.781903935257254
locgd,1e-7,2848208,-7.781903935257254
locgd,1e-7,2849542,-7.781903935257254
locgd,1e-7,2850799,-7.781903935257254
locgd,1e-7,2851393,-7.781903935257254
locgd,1e-7,2851801,-7.781903935257254
locgd,1e-7,2852112,-7.781903935257254
locgd,1e-7,2852320,-7.781903935257254
locgd,1e-7,2852388,-7.781903935257254
locgd,1e-7,2852438,-7.781903935257254
appr,1e-7,1,-1.2950033898639888
appr,1e-7,4,-1.4912931698463163
appr,1e-7,93,-1.7143463148664646
appr,1e-7,1324,-1.7143463148664646
appr,1e-7,18369,-2.0026866763982194
appr,1e-7,46840,-2.0026866763982194
appr,1e-7,102989,-2.3140061412352653
appr,1e-7,192262,-2.6338633548554635
appr,1e-7,307178,-2.956916687996364
appr,1e-7,452800,-3.2811337260164555
appr,1e-7,624094,-3.605735374393364
appr,1e-7,819176,-3.930424238338393
appr,1e-7,1032926,-4.255088654954849
appr,1e-7,1275013,-4.579688239527965
appr,1e-7,1526477,-4.904209522021409
appr,1e-7,1769355,-5.228648769048664
appr,1e-7,2018282,-5.553005359357774
appr,1e-7,2281187,-5.877279251911103
appr,1e-7,2526724,-6.201470025396485
appr,1e-7,2757852,-6.525576516775041
appr,1e-7,2981625,-6.544797871383311
appr,1e-7,3188477,-6.8489887000509135
appr,1e-7,3389193,-7.152836129940709
appr,1e-7,3566114,-7.385691704520261
appr,1e-7,3729824,-7.385691704520261
appr,1e-7,3875442,-7.385691704520261
appr,1e-7,4001562,-7.385691704520261
appr,1e-7,4110770,-7.385691704520261
appr,1e-7,4205816,-7.385691704520261
appr,1e-7,4285962,-7.385691704520261
appr,1e-7,4352768,-7.385691704520261
appr,1e-7,4411569,-7.385691704520261
appr,1e-7,4457030,-7.385691704520261
appr,1e-7,4496329,-7.385691704520261
appr,1e-7,4528402,-7.385691704520261
appr,1e-7,4552400,-7.385691704520261
appr,1e-7,4569828,-7.385691704520261
appr,1e-7,4581362,-7.385691704520261
appr,1e-7,4590014,-7.385691704520261
appr,1e-7,4596277,-7.385691704520261
appr,1e-7,4601182,-7.385691704520261
appr,1e-7,4618016,-7.385691704520261
appr,1e-7,4622901,-7.624312035414706
appr,1e-7,4625605,-7.624312035414706
appr,1e-7,4627066,-7.624312035414706
appr,1e-7,4628235,-7.624312035414706
appr,1e-7,4629106,-7.624312035414706
appr,1e-7,4629605,-7.624312035414706
appr,1e-7,4629852,-7.624312035414706
appr,1e-7,4629955,-7.624312035414706
appr,1e-7,4630014,-7.624312035414706
appr,1e-7,4630025,-7.624312035414706
appr,1e-7,4630028,-7.624312035414706
appr,1e-7,4630031,-7.624312035414706
appr,1e-7,4630034,-7.624312035414706
appr,1e-7,4630037,-7.624312035414706
appr,1e-7,4630040,-7.624312035414706
appr,1e-7,4630043,-7.624312035414706
appr,1e-7,4630046,-7.624312035414706
appr,1e-7,4630049,-7.624312035414706
appr,1e-7,4630050,-7.624312035414706
appr,1e-7,4630052,-7.624312035414706
appr,1e-7,4630053,-7.624312035414706
appropt,1e-7,1,-1.2950033898639888
appropt,1e-7,3,-1.4912931698463163
appropt,1e-7,90,-2.2689623953499307
appropt,1e-7,1234,-2.572806255590254
appropt,1e-7,61114,-3.1567714973697734
appropt,1e-7,369405,-3.651567705273107
appropt,1e-7,1057331,-4.545385582049164
appropt,1e-7,1997764,-5.622503989176404
appropt,1e-7,3101851,-6.698239732136307
appropt,1e-7,4237345,-7.7725495037011125
appropt,1e-7,5365976,-8.165014389702135
appropt,1e-7,6409874,-8.37672451990048
appropt,1e-7,7352312,-8.573932489969815
appropt,1e-7,8150406,-8.743180840366254
appropt,1e-7,8839629,-8.743180840366254
appropt,1e-7,9391218,-8.88499818830886
appropt,1e-7,9839925,-9.000480754745224
appropt,1e-7,10178944,-9.088994479359517
appropt,1e-7,10444945,-9.152854581663505
appropt,1e-7,10621463,-9.152854581663505
appropt,1e-7,10763593,-9.195976768342295
appropt,1e-7,10865598,-9.195976768342295
appropt,1e-7,10931149,-9.22764190662019
appropt,1e-7,10982770,-9.22764190662019
appropt,1e-7,11009512,-9.22764190662019
appropt,1e-7,11024672,-9.22764190662019
appropt,1e-7,11039823,-9.22764190662019
appropt,1e-7,11045808,-9.22764190662019
appropt,1e-7,11062187,-9.22764190662019
appropt,1e-7,11069679,-9.22764190662019
appropt,1e-7,11090119,-9.22764190662019
appropt,1e-7,11092077,-9.249679832469564
appropt,1e-7,11094732,-9.249679832469564
appropt,1e-7,11095787,-9.249679832469564
appropt,1e-7,11096540,-9.249679832469564
appropt,1e-7,11097105,-9.249679832469564
appropt,1e-7,11097769,-9.249679832469564
appropt,1e-7,11097890,-9.249679832469564
appropt,1e-7,11098213,-9.249679832469564
appropt,1e-7,11098282,-9.249679832469564
appropt,1e-7,11098541,-9.249679832469564
appropt,1e-7,11098578,-9.249679832469564
appropt,1e-7,11098634,-9.249679832469564
appropt,1e-7,11098661,-9.249679832469564
aespappr,1e-8,1,-1.4912931698463163
aespappr,1e-8,2,-1.4912931698463163
aespappr,1e-8,5,-1.7507649289185856
aespappr,1e-8,7,-2.157378786034406
aespappr,1e-8,8,-2.2689623953499307
aespappr,1e-8,11,-2.2689623953499307
aespappr,1e-8,14,-2.2689623953499307
aespappr,1e-8,15,-2.2689623953499307
aespappr,1e-8,18,-2.2689623953499307
aespappr,1e-8,21,-2.2689623953499307
aespappr,1e-8,24,-2.2689623953499307
aespappr,1e-8,27,-2.2689623953499307
aespappr,1e-8,116,-2.7062310199341058
aespappr,1e-8,119,-3.026761391226805
aespappr,1e-8,121,-3.2361612876573687
aespappr,1e-8,130,-3.359990158033834
aespappr,1e-8,225,-3.746632995114336
aespappr,1e-8,311,-4.015840539195172
aespappr,1e-8,377,-4.183624346732304
aespappr,1e-8,637,-4.5214866749502285
aespappr,1e-8,865,-4.745848143568863
aespappr,1e-8,1211,-4.880250386178106
aespappr,1e-8,1708,-5.196944236166525
aespappr,1e-8,2037,-5.403096886043946
aespappr,1e-8,2924,-5.739469186996921
aespappr,1e-8,3795,-6.14338865566872
aespappr,1e-8,5013,-6.146178585904681
aespappr,1e-8,6767,-6.146178585904681
aespappr,1e-8,9383,-6.171478370193973
aespappr,1e-8,12844,-6.171478370193973
aespappr,1e-8,17631,-6.171478370193973
aespappr,1e-8,25152,-6.2407011649365876
aespappr,1e-8,36686,-6.528233178201944
aespappr,1e-8,48356,-6.637998267637314
aespappr,1e-8,65507,-6.637998267637314
aespappr,1e-8,89334,-6.637998267637314
aespappr,1e-8,122501,-6.637998267637314
aespappr,1e-8,162751,-6.637998267637314
aespappr,1e-8,210733,-6.637998267637314
aespappr,1e-8,285826,-6.9337497390387774
aespappr,1e-8,365469,-6.994307901448971
aespappr,1e-8,463839,-6.994307901448971
aespappr,1e-8,590317,-6.994307901448971
aespappr,1e-8,749163,-6.994307901448971
aespappr,1e-8,934231,-6.994307901448971
aespappr,1e-8,1189025,-7.224253040804932
aespappr,1e-8,1502247,-7.362671190897884
aespappr,1e-8,1855625,-7.439798311260061
aespappr,1e-8,2337358,-7.625899395875793
aespappr,1e-8,2949623,-7.733787556166756
aespappr,1e-8,3727352,-7.7924358097493736
aespappr,1e-8,4711960,-7.942401445025659
aespappr,1e-8,6017017,-8.120229417275274
aespappr,1e-8,7522012,-8.31858628994185
aespappr,1e-8,9224002,-8.523415368727797
aespappr,1e-8,10936431,-8.644067356855748
aespappr,1e-8,12686689,-8.80524354319599
aespappr,1e-8,14370358,-8.992937770782776
aespappr,1e-8,16057427,-9.191370763448099
aespappr,1e-8,17714622,-9.40413981903622
aespappr,1e-8,19372492,-9.621041660018335
aesplocgd,1e-8,1,-1.4912931698463163
aesplocgd,1e-8,2,-1.4912931698463163
aesplocgd,1e-8,5,-1.7507649289185856
aesplocgd,1e-8,7,-2.157378786034406
aesplocgd,1e-8,8,-2.2689623953499307
aesplocgd,1e-8,11,-2.2689623953499307
aesplocgd,1e-8,14,-2.2689623953499307
aesplocgd,1e-8,15,-2.2689623953499307
aesplocgd,1e-8,18,-2.2689623953499307
aesplocgd,1e-8,21,-2.2689623953499307
aesplocgd,1e-8,24,-2.2689623953499307
aesplocgd,1e-8,27,-2.2689623953499307
aesplocgd,1e-8,28,-2.2689623953499307
aesplocgd,1e-8,116,-2.7096934590084203
aesplocgd,1e-8,117,-3.033930781326967
aesplocgd,1e-8,120,-3.2464902169813596
aesplocgd,1e-8,127,-3.3725295304541096
aesplocgd,1e-8,223,-3.7530128472318407
aesplocgd,1e-8,308,-4.016322037504919
aesplocgd,1e-8,374,-4.179564160270513
aesplocgd,1e-8,637,-4.51516535491535
aesplocgd,1e-8,863,-4.7375473663863925
aesplocgd,1e-8,1220,-4.8705351568284305
aesplocgd,1e-8,1708,-5.173544638098297
aesplocgd,1e-8,2152,-5.5683602599248125
aesplocgd,1e-8,2977,-5.845505063643148
aesplocgd,1e-8,3668,-6.019476026934026
aesplocgd,1e-8,4961,-6.146178585904681
aesplocgd,1e-8,6887,-6.146178585904681
aesplocgd,1e-8,9555,-6.171478370193973
aesplocgd,1e-8,13242,-6.171478370193973
aesplocgd,1e-8,18090,-6.171478370193973
aesplocgd,1e-8,25374,-6.2407011649365876
aesplocgd,1e-8,37054,-6.526909554454501
aesplocgd,1e-8,49351,-6.637998267637314
aesplocgd,1e-8,66776,-6.637998267637314
aesplocgd,1e-8,90759,-6.637998267637314
aesplocgd,1e-8,124819,-6.637998267637314
aesplocgd,1e-8,166108,-6.637998267637314
aesplocgd,1e-8,218223,-6.637998267637314
aesplocgd,1e-8,292440,-6.9300308937738775
aesplocgd,1e-8,374874,-6.994307901448971
aesplocgd,1e-8,479089,-6.994307901448971
aesplocgd,1e-8,611193,-6.994307901448971
aesplocgd,1e-8,770074,-6.994307901448971
aesplocgd,1e-8,960420,-6.994307901448971
aesplocgd,1e-8,1223305,-7.223740460784448
aesplocgd,1e-8,1544629,-7.361788341226789
aesplocgd,1e-8,1912131,-7.438685863650578
aesplocgd,1e-8,2409746,-7.623977988881554
aesplocgd,1e-8,3041668,-7.731323797227783
aesplocgd,1e-8,3861811,-7.901180468616584
aesplocgd,1e-8,4862580,-7.998316550834695
aesplocgd,1e-8,6196212,-8.148494512835947
aesplocgd,1e-8,7790616,-8.3196960395576
aesplocgd,1e-8,9564152,-8.503766756419132
aesplocgd,1e-8,11424110,-8.667814028213556
aesplocgd,1e-8,13316815,-8.801568823607207
aesplocgd,1e-8,15263636,-8.95373169669565
aesplocgd,1e-8,17236303,-9.13287396612261
aesplocgd,1e-8,19208668,-9.325283216508195
aesplocgd,1e-8,21180354,-9.520622168394436
aesplocgd,1e-8,23180043,-9.712781687149747
aesplocgd,1e-8,25178569,-9.921987371637565
locgd,1e-8,1,-1.2950033898639888
locgd,1e-8,3,-1.4912931698463163
locgd,1e-8,90,-2.2689623953499307
locgd,1e-8,1234,-2.572806255590254
locgd,1e-8,61331,-3.1567714973697734
locgd,1e-8,352277,-3.651567705273106
locgd,1e-8,984757,-4.142264999162362
locgd,1e-8,1911200,-4.728804926391589
locgd,1e-8,3121561,-5.152400338587389
locgd,1e-8,4513120,-5.804855802132228
locgd,1e-8,6016103,-6.166118382327337
locgd,1e-8,7569236,-6.87973239065429
locgd,1e-8,9116243,-7.172628824914546
locgd,1e-8,10630516,-7.953235769113954
locgd,1e-8,12099077,-8.163100034795539
locgd,1e-8,13518775,-8.416577612328677
locgd,1e-8,14869745,-8.547460804017376
locgd,1e-8,16093789,-8.740022016720221
locgd,1e-8,17273781,-8.740022016720221
locgd,1e-8,18260728,-9.050467475841385
locgd,1e-8,19127071,-9.050467475841385
locgd,1e-8,19808662,-9.238341501089279
locgd,1e-8,20396243,-9.321718135797722
locgd,1e-8,20816626,-9.321718135797722
locgd,1e-8,21173498,-9.321718135797722
locgd,1e-8,21487536,-9.321718135797722
locgd,1e-8,21740709,-9.321718135797722
locgd,1e-8,21938690,-9.522579693919065
locgd,1e-8,22085496,-9.522579693919065
locgd,1e-8,22186093,-9.522579693919065
locgd,1e-8,22263400,-9.522579693919065
locgd,1e-8,22317934,-9.522579693919065
locgd,1e-8,22354682,-9.522579693919065
locgd,1e-8,22386972,-9.522579693919065
locgd,1e-8,22411369,-9.522579693919065
locgd,1e-8,22429723,-9.522579693919065
locgd,1e-8,22443850,-9.522579693919065
locgd,1e-8,22452681,-9.522579693919065
locgd,1e-8,22457728,-9.522579693919065
locgd,1e-8,22461555,-9.522579693919065
locgd,1e-8,22464902,-9.522579693919065
locgd,1e-8,22467617,-9.522579693919065
locgd,1e-8,22469211,-9.522579693919065
locgd,1e-8,22470316,-9.522579693919065
locgd,1e-8,22471100,-9.522579693919065
locgd,1e-8,22471840,-9.522579693919065
locgd,1e-8,22472322,-9.522579693919065
locgd,1e-8,22472700,-9.522579693919065
locgd,1e-8,22473117,-9.522579693919065
locgd,1e-8,22473426,-9.522579693919065
locgd,1e-8,22473704,-9.522579693919065
locgd,1e-8,22473950,-9.522579693919065
locgd,1e-8,22474093,-9.522579693919065
locgd,1e-8,22474201,-9.522579693919065
locgd,1e-8,22474249,-9.522579693919065
locgd,1e-8,22474252,-9.522579693919065
locgd,1e-8,22474258,-9.522579693919065
appr,1e-8,1,-1.2950033898639888
appr,1e-8,4,-1.4912931698463163
appr,1e-8,93,-1.7143463148664646
appr,1e-8,1324,-1.7143463148664646
appr,1e-8,37135,-2.0026866763982194
appr,1e-8,139034,-2.0026866763982194
appr,1e-8,319981,-2.3140061412352653
appr,1e-8,601339,-2.6338633551094586
appr,1e-8,1001683,-2.956916689668968
appr,1e-8,1542563,-3.281133731463366
appr,1e-8,2256371,-3.6057353874669604
appr,1e-8,3109304,-3.9304242650667978
appr,1e-8,4139998,-4.255088704964774
appr,1e-8,5316440,-4.579688328293463
appr,1e-8,6629877,-4.904209674415973
appr,1e-8,8046319,-5.027646404358011
appr,1e-8,9542630,-5.228649024146364
appr,1e-8,11114055,-5.553005777980812
appr,1e-8,12688882,-5.877279926038316
appr,1e-8,14291682,-6.201471095389965
appr,1e-8,15899036,-6.525578196743901
appr,1e-8,17476449,-6.84923592829006
appr,1e-8,19020908,-7.15320369684743
appr,1e-8,20516217,-7.456662856361099
appr,1e-8,21958179,-7.759417974590655
appr,1e-8,23334035,-8.061277907738445
appr,1e-8,24663109,-8.362052274339616
appr,1e-8,25905188,-8.649562059635361
appr,1e-8,27059138,-8.771062032676761
appr,1e-8,28144089,-8.771062032676761
appr,1e-8,29120640,-8.89712880878313
appr,1e-8,30015287,-8.89712880878313
appr,1e-8,30829349,-9.026133326818892
appr,1e-8,31542684,-9.026133326818892
appr,1e-8,32178970,-9.026133326818892
appr,1e-8,32735547,-9.118777502179986
appr,1e-8,33209903,-9.160405833778878
appr,1e-8,33613437,-9.160405833778878
appr,1e-8,33961213,-9.160405833778878
appr,1e-8,34255523,-9.160405833778878
appr,1e-8,34498058,-9.160405833778878
appr,1e-8,34700613,-9.160405833778878
appr,1e-8,34876862,-9.160405833778878
appr,1e-8,35021292,-9.252824488625416
appr,1e-8,35132687,-9.252824488625416
appr,1e-8,35222212,-9.252824488625416
appr,1e-8,35291789,-9.252824488625416
appr,1e-8,35340388,-9.252824488625416
appr,1e-8,35376955,-9.252824488625416
appr,1e-8,35407038,-9.252824488625416
appr,1e-8,35430819,-9.252824488625416
appr,1e-8,35445610,-9.252824488625416
appr,1e-8,35454429,-9.252824488625416
appr,1e-8,35460479,-9.252824488625416
appr,1e-8,35465711,-9.252824488625416
appr,1e-8,35469293,-9.252824488625416
appr,1e-8,35472559,-9.252824488625416
appr,1e-8,35475025,-9.252824488625416
appr,1e-8,35476743,-9.252824488625416
appr,1e-8,35478461,-9.252824488625416
appr,1e-8,35479641,-9.252824488625416
appr,1e-8,35480072,-9.252824488625416
appr,1e-8,35480264,-9.252824488625416
appr,1e-8,35480334,-9.252824488625416
appr,1e-8,35480356,-9.252824488625416
appr,1e-8,35480357,-9.252824488625416
appr,1e-8,35480359,-9.252824488625416
appr,1e-8,35480360,-9.252824488625416
appropt,1e-8,1,-1.2950033898639888
appropt,1e-8,3,-1.4912931698463163
appropt,1e-8,90,-2.2689623953499307
appropt,1e-8,1234,-2.572806255590254
appropt,1e-8,61114,-3.1567714973697734
appropt,1e-8,660738,-3.651567705273107
appropt,1e-8,2210290,-4.545385582049164
appropt,1e-8,4057540,-5.622503989176404
appropt,1e-8,6042411,-6.698239732136307
appropt,1e-8,8067002,-7.772549504717253
appropt,1e-8,10098278,-8.427985280072058
appropt,1e-8,12100968,-8.727852538673305
appropt,1e-8,14065680,-9.02667575757477
appropt,1e-8,15950796,-9.358804455414976
appropt,1e-8,17732481,-9.698642235930686
appropt,1e-8,19358837,-10.000549889114652
appropt,1e-8,20846077,-10.266341108225097
appropt,1e-8,22180984,-10.53749837148997
appropt,1e-8,23350828,-10.764974062274161
appropt,1e-8,24323724,-10.959890411306006
appropt,1e-8,25122066,-11.09978847838224
appropt,1e-8,25775049,-11.1191820790235
appropt,1e-8,26273862,-11.255713000422475
appropt,1e-8,26669841,-11.355931911619116
appropt,1e-8,26930651,-11.428024355922672
appropt,1e-8,27166599,-11.428024355922672
appropt,1e-8,27288523,-11.482098741329846
appropt,1e-8,27426802,-11.482098741329846
appropt,1e-8,27480640,-11.520224536311986
appropt,1e-8,27526528,-11.520224536311986
appropt,1e-8,27573402,-11.520224536311986
appropt,1e-8,27590730,-11.545027265172743
appropt,1e-8,27615950,-11.545027265172743
appropt,1e-8,27623580,-11.545027265172743
appropt,1e-8,27629716,-11.545027265172743
appropt,1e-8,27633136,-11.545027265172743
appropt,1e-8,27635497,-11.545027265172743
appropt,1e-8,27637576,-11.545027265172743
appropt,1e-8,27638074,-11.545027265172743
appropt,1e-8,27638134,-11.545027265172743
aespappr,1e-9,1,-1.4912931698463163
aespappr,1e-9,2,-1.4912931698463163
aespappr,1e-9,5,-1.7507649289185856
aespappr,1e-9,7,-2.157378786034406
aespappr,1e-9,8,-2.2689623953499307
aespappr,1e-9,11,-2.2689623953499307
aespappr,1e-9,14,-2.2689623953499307
aespappr,1e-9,15,-2.2689623953499307
aespappr,1e-9,18,-2.2689623953499307
aespappr,1e-9,21,-2.2689623953499307
aespappr,1e-9,24,-2.2689623953499307
aespappr,1e-9,27,-2.2689623953499307
aespappr,1e-9,116,-2.7062310199341058
aespappr,1e-9,119,-3.026761391226805
aespappr,1e-9,121,-3.2361612876573687
aespappr,1e-9,130,-3.359990158033834
aespappr,1e-9,225,-3.746632995114336
aespappr,1e-9,311,-4.015840539195172
aespappr,1e-9,377,-4.183624346732304
aespappr,1e-9,637,-4.5214866749502285
aespappr,1e-9,865,-4.745848143568863
aespappr,1e-9,1211,-4.880250386178106
aespappr,1e-9,1708,-5.196944236166525
aespappr,1e-9,2037,-5.403096886043946
aespappr,1e-9,2924,-5.739469186996921
aespappr,1e-9,3795,-6.14338865566872
aespappr,1e-9,5013,-6.146178585904681
aespappr,1e-9,6767,-6.146178585904681
aespappr,1e-9,9383,-6.171478370193973
aespappr,1e-9,12844,-6.171478370193973
aespappr,1e-9,17631,-6.171478370193973
aespappr,1e-9,25152,-6.2407011649365876
aespappr,1e-9,36686,-6.528233178201944
aespappr,1e-9,48356,-6.637998267637314
aespappr,1e-9,65507,-6.637998267637314
aespappr,1e-9,89334,-6.637998267637314
aespappr,1e-9,122501,-6.637998267637314
aespappr,1e-9,162751,-6.637998267637314
aespappr,1e-9,210733,-6.637998267637314
aespappr,1e-9,285826,-6.9337497390387774
aespappr,1e-9,365469,-6.994307901448971
aespappr,1e-9,463839,-6.994307901448971
aespappr,1e-9,590317,-6.994307901448971
aespappr,1e-9,749163,-6.994307901448971
aespappr,1e-9,934231,-6.994307901448971
aespappr,1e-9,1189025,-7.224253040804932
aespappr,1e-9,1502247,-7.362671190897884
aespappr,1e-9,1855625,-7.439798311260061
aespappr,1e-9,2337358,-7.625899395875793
aespappr,1e-9,2949623,-7.733787556166756
aespappr,1e-9,3727352,-7.7924358097493736
aespappr,1e-9,4711960,-7.942401445025659
aespappr,1e-9,6017017,-8.120229417275274
aespappr,1e-9,7522012,-8.31858628994185
aespappr,1e-9,9224002,-8.523415368727797
aespappr,1e-9,10936431,-8.644067356855748
aespappr,1e-9,12686689,-8.80524354319599
aespappr,1e-9,14370358,-8.992937770782776
aespappr,1e-9,16057427,-9.191370763448099
aespappr,1e-9,17714622,-9.40413981903622
aespappr,1e-9,19372492,-9.621041660018335
aespappr,1e-9,21108056,-9.750138420657903
aespappr,1e-9,22931705,-9.916269428667825
aespappr,1e-9,24707254,-10.104404935598152
aespappr,1e-9,26506051,-10.2987074619888
aespappr,1e-9,28266748,-10.508721767045243
aespappr,1e-9,30029680,-10.712842363297954
aespappr,1e-9,31831350,-10.849064063965931
aespappr,1e-9,33624307,-11.0107332481327
aespappr,1e-9,35441718,-11.19058421649504
aespappr,1e-9,37234217,-11.394005984399639
aespappr,1e-9,38997952,-11.607092988845297
aespappr,1e-9,40801709,-11.733502552798546
aespappr,1e-9,42613565,-11.89791466042464
aesplocgd,1e-9,1,-1.4912931698463163
aesplocgd,1e-9,2,-1.4912931698463163
aesplocgd,1e-9,5,-1.7507649289185856
aesplocgd,1e-9,7,-2.157378786034406
aesplocgd,1e-9,8,-2.2689623953499307
aesplocgd,1e-9,11,-2.2689623953499307
aesplocgd,1e-9,14,-2.2689623953499307
aesplocgd,1e-9,15,-2.2689623953499307
aesplocgd,1e-9,18,-2.2689623953499307
aesplocgd,1e-9,21,-2.2689623953499307
aesplocgd,1e-9,24,-2.2689623953499307
aesplocgd,1e-9,27,-2.2689623953499307
aesplocgd,1e-9,28,-2.2689623953499307
aesplocgd,1e-9,116,-2.7096934590084203
aesplocgd,1e-9,117,-3.033930781326967
aesplocgd,1e-9,120,-3.2464902169813596
aesplocgd,1e-9,127,-3.3725295304541096
aesplocgd,1e-9,223,-3.7530128472318407
aesplocgd,1e-9,308,-4.016322037504919
aesplocgd,1e-9,374,-4.179564160270513
aesplocgd,1e-9,637,-4.51516535491535
aesplocgd,1e-9,863,-4.7375473663863925
aesplocgd,1e-9,1220,-4.8705351568284305
aesplocgd,1e-9,1708,-5.173544638098297
aesplocgd,1e-9,2152,-5.5683602599248125
aesplocgd,1e-9,2977,-5.845505063643148
aesplocgd,1e-9,3668,-6.019476026934026
aesplocgd,1e-9,4961,-6.146178585904681
aesplocgd,1e-9,6887,-6.146178585904681
aesplocgd,1e-9,9555,-6.171478370193973
aesplocgd,1e-9,13242,-6.171478370193973
aesplocgd,1e-9,18090,-6.171478370193973
aesplocgd,1e-9,25374,-6.2407011649365876
aesplocgd,1e-9,37054,-6.526909554454501
aesplocgd,1e-9,49351,-6.637998267637314
aesplocgd,1e-9,66776,-6.637998267637314
aesplocgd,1e-9,90759,-6.637998267637314
aesplocgd,1e-9,124819,-6.637998267637314
aesplocgd,1e-9,166108,-6.637998267637314
aesplocgd,1e-9,218223,-6.637998267637314
aesplocgd,1e-9,292440,-6.9300308937738775
aesplocgd,1e-9,374874,-6.994307901448971
aesplocgd,1e-9,479089,-6.994307901448971
aesplocgd,1e-9,611193,-6.994307901448971
aesplocgd,1e-9,770074,-6.994307901448971
aesplocgd,1e-9,960420,-6.994307901448971
aesplocgd,1e-9,1223305,-7.223740460784448
aesplocgd,1e-9,1544629,-7.361788341226789
aesplocgd,1e-9,1912131,-7.438685863650578
aesplocgd,1e-9,2409746,-7.623977988881554
aesplocgd,1e-9,3041668,-7.731323797227783
aesplocgd,1e-9,3861811,-7.901180468616584
aesplocgd,1e-9,4862580,-7.998316550834695
aesplocgd,1e-9,6196212,-8.148494512835947
aesplocgd,1e-9,7790616,-8.3196960395576
aesplocgd,1e-9,9564152,-8.503766756419132
aesplocgd,1e-9,11424110,-8.667814028213556
aesplocgd,1e-9,13316815,-8.801568823607207
aesplocgd,1e-9,15263636,-8.95373169669565
aesplocgd,1e-9,17236303,-9.13287396612261
aesplocgd,1e-9,19208668,-9.325283216508195
aesplocgd,1e-9,21180354,-9.520622168394436
aesplocgd,1e-9,23180043,-9.712781687149747
aesplocgd,1e-9,25178569,-9.921987371637565
aesplocgd,1e-9,27206947,-10.131374522828386
aesplocgd,1e-9,29146409,-10.325911548756588
aesplocgd,1e-9,31035845,-10.466012979317641
aesplocgd,1e-9,32877070,-10.631329575545697
aesplocgd,1e-9,34702679,-10.815236202649528
aesplocgd,1e-9,36578655,-11.02085101453019
aesplocgd,1e-9,38572133,-11.211476587393577
aesplocgd,1e-9,40571393,-11.356991176384618
aesplocgd,1e-9,42526396,-11.520098212745381
aesplocgd,1e-9,44524321,-11.703516650061983
aesplocgd,1e-9,46454751,-11.894266582644857
aesplocgd,1e-9,48419706,-12.102562434383847
locgd,1e-9,1,-1.2950033898639888
locgd,1e-9,3,-1.4912931698463163
locgd,1e-9,90,-2.2689623953499307
locgd,1e-9,1234,-2.572806255590254
locgd,1e-9,61331,-3.1567714973697734
locgd,1e-9,720888,-3.651567705273106
locgd,1e-9,2263673,-4.142264999162362
locgd,1e-9,4226800,-4.728804926391589
locgd,1e-9,6311352,-5.152400373305678
locgd,1e-9,8474383,-5.804855802766494
locgd,1e-9,10679562,-6.166119086170817
locgd,1e-9,12907412,-6.8797324049454724
locgd,1e-9,15150089,-7.1726337160152065
locgd,1e-9,17402882,-7.953235884679314
locgd,1e-9,19662515,-8.163121333071349
locgd,1e-9,21925378,-8.477199653541748
locgd,1e-9,24189861,-8.650913133725103
locgd,1e-9,26453971,-8.833864951990407
locgd,1e-9,28715840,-9.01380277291515
locgd,1e-9,30969057,-9.199229472176858
locgd,1e-9,33210488,-9.383441319580568
locgd,1e-9,35438785,-9.57100428114421
locgd,1e-9,37640854,-9.75828811124194
locgd,1e-9,39831824,-9.94770934072125
locgd,1e-9,41999119,-10.137309606337817
locgd,1e-9,44153424,-10.328341523502749
locgd,1e-9,46277283,-10.519756711264426
locgd,1e-9,48364590,-10.712190278421449
locgd,1e-9,50403221,-10.904998533782633
locgd,1e-9,51657021,-11.098461934735196
locgd,1e-9,52867576,-11.236653859855274
locgd,1e-9,53892051,-11.291280395509867
locgd,1e-9,54575845,-11.494767415742238
locgd,1e-9,55340716,-11.494767415742238
locgd,1e-9,55800904,-11.529704758532946
locgd,1e-9,56278563,-11.529704758532946
locgd,1e-9,56623138,-11.774649784157761
locgd,1e-9,56803039,-11.774649784157761
locgd,1e-9,56949369,-11.774649784157761
locgd,1e-9,57069613,-11.774649784157761
locgd,1e-9,57134320,-11.774649784157761
locgd,1e-9,57172941,-11.774649784157761
locgd,1e-9,57205945,-11.774649784157761
locgd,1e-9,57233491,-11.774649784157761
locgd,1e-9,57252599,-11.774649784157761
locgd,1e-9,57266150,-11.774649784157761
locgd,1e-9,57276795,-11.774649784157761
locgd,1e-9,57285016,-11.774649784157761
locgd,1e-9,57292544,-11.774649784157761
locgd,1e-9,57299474,-11.774649784157761
locgd,1e-9,57304996,-11.774649784157761
locgd,1e-9,57309860,-11.774649784157761
locgd,1e-9,57313272,-11.774649784157761
locgd,1e-9,57315976,-11.774649784157761
locgd,1e-9,57318553,-11.774649784157761
locgd,1e-9,57320817,-11.774649784157761
locgd,1e-9,57322485,-11.774649784157761
locgd,1e-9,57323873,-11.774649784157761
locgd,1e-9,57325223,-11.774649784157761
locgd,1e-9,57326211,-11.774649784157761
locgd,1e-9,57326921,-11.774649784157761
locgd,1e-9,57327445,-11.774649784157761
locgd,1e-9,57327761,-11.774649784157761
locgd,1e-9,57328269,-11.774649784157761
locgd,1e-9,57328771,-11.774649784157761
locgd,1e-9,57329170,-11.774649784157761
locgd,1e-9,57329393,-11.774649784157761
locgd,1e-9,57329577,-11.774649784157761
locgd,1e-9,57329694,-11.774649784157761
locgd,1e-9,57329801,-11.774649784157761
locgd,1e-9,57329917,-11.774649784157761
locgd,1e-9,57329949,-11.774649784157761
locgd,1e-9,57329982,-11.774649784157761
locgd,1e-9,57329994,-11.774649784157761
locgd,1e-9,57329999,-11.774649784157761
appr,1e-9,1,-1.2950033898639888
appr,1e-9,4,-1.4912931698463163
appr,1e-9,93,-1.7143463148664646
appr,1e-9,1324,-1.7143463148664646
appr,1e-9,61755,-2.0026866763982194
appr,1e-9,308578,-2.0026866763982194
appr,1e-9,810446,-2.3140061412352653
appr,1e-9,1730366,-2.6338633551116355
appr,1e-9,3110775,-2.9569166896674215
appr,1e-9,4846918,-3.281133731416702
appr,1e-9,6778468,-3.6057353873019027
appr,1e-9,8792614,-3.9304242647260117
appr,1e-9,10859421,-4.25508870451149
appr,1e-9,12973394,-4.5796883280817475
appr,1e-9,15124756,-4.90420967534661
appr,1e-9,17307556,-5.027646910243506
appr,1e-9,19513087,-5.228649028033714
appr,1e-9,21734527,-5.553005788049621
appr,1e-9,23968008,-5.877279947600833
appr,1e-9,26211554,-6.2014711367640105
appr,1e-9,28461308,-6.525578270476908
appr,1e-9,30717088,-6.849249375949224
appr,1e-9,32975723,-7.153223521681721
appr,1e-9,35236397,-7.456691510594729
appr,1e-9,37499069,-7.759458777351606
appr,1e-9,39761821,-8.061335353083368
appr,1e-9,42024710,-8.362132697032068
appr,1e-9,44285173,-8.661661323881601
appr,1e-9,46544348,-8.959729099397485
appr,1e-9,48797924,-9.134436176230347
appr,1e-9,51047387,-9.260256578632491
appr,1e-9,53289617,-9.386922714088112
appr,1e-9,55522564,-9.514360119251082
appr,1e-9,57747778,-9.64250367662889
appr,1e-9,59959833,-9.771296045348624
appr,1e-9,62161836,-9.900684245152453
appr,1e-9,64351772,-10.030623518684347
appr,1e-9,66526814,-10.161069341093704
appr,1e-9,68687956,-10.291988506786616
appr,1e-9,70824309,-10.423322067000324
appr,1e-9,72903715,-10.554888568659612
appr,1e-9,74861431,-10.68483532847371
appr,1e-9,76683689,-10.810135486643652
appr,1e-9,78359817,-10.935022658426572
appr,1e-9,79879794,-10.935022658426572
appr,1e-9,81246758,-11.064072843682197
appr,1e-9,82470611,-11.197916047858508
appr,1e-9,83567546,-11.197916047858508
appr,1e-9,84517489,-11.335193431019434
appr,1e-9,85325797,-11.335193431019434
appr,1e-9,86027645,-11.335193431019434
appr,1e-9,86622472,-11.43697788078939
appr,1e-9,87113733,-11.472012439395936
appr,1e-9,87505902,-11.472012439395936
appr,1e-9,87824508,-11.472012439395936
appr,1e-9,88071213,-11.472012439395936
appr,1e-9,88258796,-11.472012439395936
appr,1e-9,88407672,-11.472012439395936
appr,1e-9,88523573,-11.57313386323805
appr,1e-9,88606502,-11.57313386323805
appr,1e-9,88666784,-11.57313386323805
appr,1e-9,88716439,-11.57313386323805
appr,1e-9,88752156,-11.57313386323805
appr,1e-9,88775482,-11.57313386323805
appr,1e-9,88793192,-11.57313386323805
appr,1e-9,88805309,-11.57313386323805
appr,1e-9,88814881,-11.57313386323805
appr,1e-9,88823287,-11.57313386323805
appr,1e-9,88830041,-11.57313386323805
appr,1e-9,88834484,-11.57313386323805
appr,1e-9,88837438,-11.57313386323805
appr,1e-9,88840139,-11.57313386323805
appr,1e-9,88842511,-11.57313386323805
appr,1e-9,88843892,-11.57313386323805
appr,1e-9,88844765,-11.57313386323805
appr,1e-9,88845390,-11.57313386323805
appr,1e-9,88845603,-11.57313386323805
appr,1e-9,88845690,-11.57313386323805
appr,1e-9,88845708,-11.57313386323805
appr,1e-9,88845725,-11.57313386323805
appropt,1e-9,1,-1.2950033898639888
appropt,1e-9,3,-1.4912931698463163
appropt,1e-9,90,-2.2689623953499307
appropt,1e-9,1234,-2.572806255590254
appropt,1e-9,61114,-3.1567714973697734
appropt,1e-9,970712,-3.651567705273107
appropt,1e-9,2792263,-4.545385582049164
appropt,1e-9,4886023,-5.622503989176404
appropt,1e-9,7083506,-6.698239732136307
appropt,1e-9,9319248,-7.772549511874259
appropt,1e-9,11575563,-8.563395424271908
appropt,1e-9,13840903,-8.916863965359132
appropt,1e-9,16109359,-9.276616334959694
appropt,1e-9,18379118,-9.641187683728122
appropt,1e-9,20644064,-10.009890996868046
appropt,1e-9,22869278,-10.381744354599801
appropt,1e-9,25053899,-10.381744354599801
appropt,1e-9,27186392,-10.756595241716413
appropt,1e-9,29241799,-11.130338191879394
appropt,1e-9,31202636,-11.483778401737702
appropt,1e-9,33061542,-11.781029649665532
appropt,1e-9,34786729,-12.06788450185118
appropt,1e-9,36319448,-12.386557431507217
appropt,1e-9,37697879,-12.700933541341985
appropt,1e-9,38888908,-12.953190508581999
appropt,1e-9,39897979,-13.176904714351771
appropt,1e-9,40698710,-13.371776964855117
appropt,1e-9,41362540,-13.52858386965286
appropt,1e-9,41866481,-13.646528399539111
appropt,1e-9,42249035,-13.739142433624641
appropt,1e-9,42521083,-13.739142433624641
appropt,1e-9,42743501,-13.806545121095843
appropt,1e-9,42858743,-13.854943864011574
appropt,1e-9,42978463,-13.854943864011574
appropt,1e-9,43057808,-13.854943864011574
appropt,1e-9,43105308,-13.885925116022115
appropt,1e-9,43122400,-13.885925116022115
appropt,1e-9,43152006,-13.885925116022115
appropt,1e-9,43161215,-13.885925116022115
appropt,1e-9,43170187,-13.885925116022115
appropt,1e-9,43173125,-13.885925116022115
appropt,1e-9,43178467,-13.885925116022115
appropt,1e-9,43179181,-13.885925116022115
appropt,1e-9,43180420,-13.885925116022115
appropt,1e-9,43180861,-13.885925116022115
appropt,1e-9,43181172,-13.885925116022115
appropt,1e-9,43182027,-13.885925116022115
appropt,1e-9,43183537,-13.885925116022115
appropt,1e-9,43184016,-13.885925116022115
appropt,1e-9,43184062,-13.885925116022115
appropt,1e-9,43184078,-13.885925116022115
aespappr,1e-10,1,-1.4912931698463163
aespappr,1e-10,2,-1.4912931698463163
aespappr,1e-10,5,-1.7507649289185856
aespappr,1e-10,7,-2.157378786034406
aespappr,1e-10,8,-2.2689623953499307
aespappr,1e-10,11,-2.2689623953499307
aespappr,1e-10,14,-2.2689623953499307
aespappr,1e-10,15,-2.2689623953499307
aespappr,1e-10,18,-2.2689623953499307
aespappr,1e-10,21,-2.2689623953499307
aespappr,1e-10,24,-2.2689623953499307
aespappr,1e-10,27,-2.2689623953499307
aespappr,1e-10,116,-2.7062310199341058
aespappr,1e-10,119,-3.026761391226805
aespappr,1e-10,121,-3.2361612876573687
aespappr,1e-10,130,-3.359990158033834
aespappr,1e-10,225,-3.746632995114336
aespappr,1e-10,311,-4.015840539195172
aespappr,1e-10,377,-4.183624346732304
aespappr,1e-10,637,-4.5214866749502285
aespappr,1e-10,865,-4.745848143568863
aespappr,1e-10,1211,-4.880250386178106
aespappr,1e-10,1708,-5.196944236166525
aespappr,1e-10,2037,-5.403096886043946
aespappr,1e-10,2924,-5.739469186996921
aespappr,1e-10,3795,-6.14338865566872
aespappr,1e-10,5013,-6.146178585904681
aespappr,1e-10,6767,-6.146178585904681
aespappr,1e-10,9383,-6.171478370193973
aespappr,1e-10,12844,-6.171478370193973
aespappr,1e-10,17631,-6.171478370193973
aespappr,1e-10,25152,-6.2407011649365876
aespappr,1e-10,36686,-6.528233178201944
aespappr,1e-10,48356,-6.637998267637314
aespappr,1e-10,65507,-6.637998267637314
aespappr,1e-10,89334,-6.637998267637314
aespappr,1e-10,122501,-6.637998267637314
aespappr,1e-10,162751,-6.637998267637314
aespappr,1e-10,210733,-6.637998267637314
aespappr,1e-10,285826,-6.9337497390387774
aespappr,1e-10,365469,-6.994307901448971
aespappr,1e-10,463839,-6.994307901448971
aespappr,1e-10,590317,-6.994307901448971
aespappr,1e-10,749163,-6.994307901448971
aespappr,1e-10,934231,-6.994307901448971
aespappr,1e-10,1189025,-7.224253040804932
aespappr,1e-10,1502247,-7.362671190897884
aespappr,1e-10,1855625,-7.439798311260061
aespappr,1e-10,2337358,-7.625899395875793
aespappr,1e-10,2949623,-7.733787556166756
aespappr,1e-10,3727352,-7.7924358097493736
aespappr,1e-10,4711960,-7.942401445025659
aespappr,1e-10,6017017,-8.120229417275274
aespappr,1e-10,7522012,-8.31858628994185
aespappr,1e-10,9224002,-8.523415368727797
aespappr,1e-10,10936431,-8.644067356855748
aespappr,1e-10,12686689,-8.80524354319599
aespappr,1e-10,14370358,-8.992937770782776
aespappr,1e-10,16057427,-9.191370763448099
aespappr,1e-10,17714622,-9.40413981903622
aespappr,1e-10,19372492,-9.621041660018335
aespappr,1e-10,21108056,-9.750138420657903
aespappr,1e-10,22931705,-9.916269428667825
aespappr,1e-10,24707254,-10.104404935598152
aespappr,1e-10,26506051,-10.2987074619888
aespappr,1e-10,28266748,-10.508721767045243
aespappr,1e-10,30029680,-10.712842363297954
aespappr,1e-10,31831350,-10.849064063965931
aespappr,1e-10,33624307,-11.0107332481327
aespappr,1e-10,35441718,-11.19058421649504
aespappr,1e-10,37234217,-11.394005984399639
aespappr,1e-10,38997952,-11.607092988845297
aespappr,1e-10,40801709,-11.733502552798546
aespappr,1e-10,42613565,-11.89791466042464
aespappr,1e-10,44457508,-12.082250094630721
aespappr,1e-10,46234416,-12.273905151554732
aespappr,1e-10,48027115,-12.482655568204136
aespappr,1e-10,49839221,-12.677420288616643
aespappr,1e-10,51655679,-12.824758564761018
aespappr,1e-10,53481480,-12.989328315389697
aespappr,1e-10,55275855,-13.175489843211047
aespappr,1e-10,57053658,-13.370096456277038
aespappr,1e-10,58881012,-13.584088321587148
aespappr,1e-10,60688422,-13.789562461143966
aespappr,1e-10,62512653,-13.938701120209894
aespappr,1e-10,64300972,-14.109711808030612
aesplocgd,1e-10,1,-1.4912931698463163
aesplocgd,1e-10,2,-1.4912931698463163
aesplocgd,1e-10,5,-1.7507649289185856
aesplocgd,1e-10,7,-2.157378786034406
aesplocgd,1e-10,8,-2.2689623953499307
aesplocgd,1e-10,11,-2.2689623953499307
aesplocgd,1e-10,14,-2.2689623953499307
aesplocgd,1e-10,15,-2.2689623953499307
aesplocgd,1e-10,18,-2.2689623953499307
aesplocgd,1e-10,21,-2.2689623953499307
aesplocgd,1e-10,24,-2.2689623953499307
aesplocgd,1e-10,27,-2.2689623953499307
aesplocgd,1e-10,28,-2.2689623953499307
aesplocgd,1e-10,116,-2.7096934590084203
aesplocgd,1e-10,117,-3.033930781326967
aesplocgd,1e-10,120,-3.2464902169813596
aesplocgd,1e-10,127,-3.3725295304541096
aesplocgd,1e-10,223,-3.7530128472318407
aesplocgd,1e-10,308,-4.016322037504919
aesplocgd,1e-10,374,-4.179564160270513
aesplocgd,1e-10,637,-4.51516535491535
aesplocgd,1e-10,863,-4.7375473663863925
aesplocgd,1e-10,1220,-4.8705351568284305
aesplocgd,1e-10,1708,-5.173544638098297
aesplocgd,1e-10,2152,-5.5683602599248125
aesplocgd,1e-10,2977,-5.845505063643148
aesplocgd,1e-10,3668,-6.019476026934026
aesplocgd,1e-10,4961,-6.146178585904681
aesplocgd,1e-10,6887,-6.146178585904681
aesplocgd,1e-10,9555,-6.171478370193973
aesplocgd,1e-10,13242,-6.171478370193973
aesplocgd,1e-10,18090,-6.171478370193973
aesplocgd,1e-10,25374,-6.2407011649365876
aesplocgd,1e-10,37054,-6.526909554454501
aesplocgd,1e-10,49351,-6.637998267637314
aesplocgd,1e-10,66776,-6.637998267637314
aesplocgd,1e-10,90759,-6.637998267637314
aesplocgd,1e-10,124819,-6.637998267637314
aesplocgd,1e-10,166108,-6.637998267637314
aesplocgd,1e-10,218223,-6.637998267637314
aesplocgd,1e-10,292440,-6.9300308937738775
aesplocgd,1e-10,374874,-6.994307901448971
aesplocgd,1e-10,479089,-6.994307901448971
aesplocgd,1e-10,611193,-6.994307901448971
aesplocgd,1e-10,770074,-6.994307901448971
aesplocgd,1e-10,960420,-6.994307901448971
aesplocgd,1e-10,1223305,-7.223740460784448
aesplocgd,1e-10,1544629,-7.361788341226789
aesplocgd,1e-10,1912131,-7.438685863650578
aesplocgd,1e-10,2409746,-7.623977988881554
aesplocgd,1e-10,3041668,-7.731323797227783
aesplocgd,1e-10,3861811,-7.901180468616584
aesplocgd,1e-10,4862580,-7.998316550834695
aesplocgd,1e-10,6196212,-8.148494512835947
aesplocgd,1e-10,7790616,-8.3196960395576
aesplocgd,1e-10,9564152,-8.503766756419132
aesplocgd,1e-10,11424110,-8.667814028213556
aesplocgd,1e-10,13316815,-8.801568823607207
aesplocgd,1e-10,15263636,-8.95373169669565
aesplocgd,1e-10,17236303,-9.13287396612261
aesplocgd,1e-10,19208668,-9.325283216508195
aesplocgd,1e-10,21180354,-9.520622168394436
aesplocgd,1e-10,23180043,-9.712781687149747
aesplocgd,1e-10,25178569,-9.921987371637565
aesplocgd,1e-10,27206947,-10.131374522828386
aesplocgd,1e-10,29146409,-10.325911548756588
aesplocgd,1e-10,31035845,-10.466012979317641
aesplocgd,1e-10,32877070,-10.631329575545697
aesplocgd,1e-10,34702679,-10.815236202649528
aesplocgd,1e-10,36578655,-11.02085101453019
aesplocgd,1e-10,38572133,-11.211476587393577
aesplocgd,1e-10,40571393,-11.356991176384618
aesplocgd,1e-10,42526396,-11.520098212745381
aesplocgd,1e-10,44524321,-11.703516650061983
aesplocgd,1e-10,46454751,-11.894266582644857
aesplocgd,1e-10,48419706,-12.102562434383847
aesplocgd,1e-10,50277157,-12.316052344653492
aesplocgd,1e-10,52156050,-12.44274489397218
aesplocgd,1e-10,54097567,-12.606327781587021
aesplocgd,1e-10,56059920,-12.788640916172108
aesplocgd,1e-10,58030364,-12.976782121044964
aesplocgd,1e-10,60049995,-13.185744603367775
aesplocgd,1e-10,62030570,-13.397055329745227
aesplocgd,1e-10,63946698,-13.59165366448831
aesplocgd,1e-10,65813763,-13.738946378295198
aesplocgd,1e-10,67759456,-13.905387626924965
aesplocgd,1e-10,69642843,-14.09308513500149
locgd,1e-10,1,-1.2950033898639888
locgd,1e-10,3,-1.4912931698463163
locgd,1e-10,90,-2.2689623953499307
locgd,1e-10,1234,-2.572806255590254
locgd,1e-10,61331,-3.1567714973697734
locgd,1e-10,947087,-3.651567705273106
locgd,1e-10,2775693,-4.142264999162362
locgd,1e-10,4893215,-4.728804926391589
locgd,1e-10,7120274,-5.152400373305678
locgd,1e-10,9387893,-5.804855802766494
locgd,1e-10,11675052,-6.166119106351338
locgd,1e-10,13971541,-6.879732405337454
locgd,1e-10,16273404,-7.172633820925951
locgd,1e-10,18578267,-7.9532358872419
locgd,1e-10,20884978,-8.163121684232461
locgd,1e-10,23193443,-8.477541575409695
locgd,1e-10,25502968,-8.65125504367394
locgd,1e-10,27813093,-8.834202692486961
locgd,1e-10,30123895,-9.01414068532028
locgd,1e-10,32435107,-9.199566059352868
locgd,1e-10,34746438,-9.383779757768329
locgd,1e-10,37057898,-9.571344153202602
locgd,1e-10,39369290,-9.758632802734063
locgd,1e-10,41680632,-9.948060814941753
locgd,1e-10,43991385,-10.137674739796333
locgd,1e-10,46301830,-10.328739945917224
locgd,1e-10,48612017,-10.52020545844868
locgd,1e-10,50921526,-10.712731044249749
locgd,1e-10,53230724,-10.905752253662389
locgd,1e-10,55538930,-11.099616185715655
locgd,1e-10,57845834,-11.294024092543678
locgd,1e-10,60150229,-11.489167754441072
locgd,1e-10,62452589,-11.684899498205173
locgd,1e-10,64752578,-11.8813418889485
locgd,1e-10,67045030,-12.078441700513567
locgd,1e-10,69329470,-12.276302524128543
locgd,1e-10,71592037,-12.474942422172894
locgd,1e-10,73805818,-12.674481371142722
locgd,1e-10,75967314,-12.875005979209787
locgd,1e-10,78109885,-13.076682516235449
locgd,1e-10,80205665,-13.279642589651651
locgd,1e-10,81963537,-13.483987365716144
locgd,1e-10,82839015,-13.689657680051772
locgd,1e-10,83406563,-13.689657680051772
locgd,1e-10,84047850,-13.772668059517745
locgd,1e-10,84761583,-13.772668059517745
locgd,1e-10,85164260,-13.927271369146778
locgd,1e-10,85481485,-13.927271369146778
locgd,1e-10,85642462,-13.927271369146778
locgd,1e-10,85791556,-13.927271369146778
locgd,1e-10,85878418,-14.069807402676163
locgd,1e-10,85936976,-14.069807402676163
locgd,1e-10,85998388,-14.069807402676163
locgd,1e-10,86087405,-14.069807402676163
locgd,1e-10,86192766,-14.069807402676163
locgd,1e-10,86255671,-14.069807402676163
locgd,1e-10,86301442,-14.069807402676163
locgd,1e-10,86342456,-14.069807402676163
locgd,1e-10,86382201,-14.069807402676163
locgd,1e-10,86426991,-14.069807402676163
locgd,1e-10,86480199,-14.069807402676163
locgd,1e-10,86566428,-14.069807402676163
locgd,1e-10,86677999,-14.069807402676163
locgd,1e-10,86815743,-14.069807402676163
locgd,1e-10,86910761,-14.245198561129941
locgd,1e-10,86943787,-14.245198561129941
locgd,1e-10,86967326,-14.245198561129941
locgd,1e-10,86998285,-14.245198561129941
locgd,1e-10,87024166,-14.245198561129941
locgd,1e-10,87037728,-14.245198561129941
locgd,1e-10,87042371,-14.245198561129941
locgd,1e-10,87043305,-14.245198561129941
locgd,1e-10,87043867,-14.245198561129941
locgd,1e-10,87044258,-14.245198561129941
locgd,1e-10,87044617,-14.245198561129941
locgd,1e-10,87044859,-14.245198561129941
locgd,1e-10,87045039,-14.245198561129941
locgd,1e-10,87045219,-14.245198561129941
locgd,1e-10,87045261,-14.245198561129941
locgd,1e-10,87045324,-14.245198561129941
locgd,1e-10,87045349,-14.245198561129941
locgd,1e-10,87045386,-14.245198561129941
locgd,1e-10,87045389,-14.245198561129941
locgd,1e-10,87045406,-14.245198561129941
locgd,1e-10,87045411,-14.245198561129941
appr,1e-10,1,-1.2950033898639888
appr,1e-10,4,-1.4912931698463163
appr,1e-10,93,-1.7143463148664646
appr,1e-10,1324,-1.7143463148664646
appr,1e-10,61755,-2.0026866763982194
appr,1e-10,619950,-2.0026866763982194
appr,1e-10,1952332,-2.3140061412352653
appr,1e-10,3800213,-2.6338633551116355
appr,1e-10,5809411,-2.956916689667358
appr,1e-10,7920251,-3.281133731416837
appr,1e-10,10103409,-3.605735387303702
appr,1e-10,12329903,-3.9304242647333156
appr,1e-10,14578968,-4.255088704531874
appr,1e-10,16844846,-4.57968832812817
appr,1e-10,19123413,-4.904209675439815
appr,1e-10,21410828,-5.027646925268152
appr,1e-10,23704296,-5.2286490282063385
appr,1e-10,26002018,-5.5530057883533805
appr,1e-10,28302986,-5.877279948118606
appr,1e-10,30606224,-6.201471137629119
appr,1e-10,32911394,-6.525578271902366
appr,1e-10,35218090,-6.849249620231763
appr,1e-10,37525958,-7.153223895713298
appr,1e-10,39834793,-7.456692074008986
appr,1e-10,42144501,-7.759459611598901
appr,1e-10,44454981,-8.061336567222815
appr,1e-10,46765793,-8.362134434507944
appr,1e-10,49077212,-8.661663770370003
appr,1e-10,51388802,-8.95973249175396
appr,1e-10,53700533,-9.156379724063388
appr,1e-10,56012598,-9.28252958260919
appr,1e-10,58324801,-9.40950143278224
appr,1e-10,60637005,-9.53722410076898
appr,1e-10,62949197,-9.665635325934412
appr,1e-10,65261365,-9.794680569524154
appr,1e-10,67573454,-9.924312013777985
appr,1e-10,69885231,-10.054487723030059
appr,1e-10,72196758,-10.185170943087835
appr,1e-10,74508185,-10.316329519151145
appr,1e-10,76819255,-10.447935416621524
appr,1e-10,79130000,-10.579964331030942
appr,1e-10,81440434,-10.712395376611576
appr,1e-10,83750280,-10.845210845114769
appr,1e-10,86059366,-10.978396027330687
appr,1e-10,88367790,-11.1119390841238
appr,1e-10,90675336,-11.245831009015742
appr,1e-10,92981757,-11.380065569112551
appr,1e-10,95286496,-11.514639408298036
appr,1e-10,97589090,-11.64955210733484
appr,1e-10,99889345,-11.784806318035814
appr,1e-10,102185584,-11.920407980041341
appr,1e-10,104475280,-12.056366660504636
appr,1e-10,106754343,-12.19269569908534
appr,1e-10,109019164,-12.329412923803892
appr,1e-10,111267835,-12.466539996562965
appr,1e-10,113496981,-12.60410322581572
appr,1e-10,115703677,-12.742128627597173
appr,1e-10,117889808,-12.879747874511995
appr,1e-10,120040666,-13.015561000168548
appr,1e-10,122064301,-13.152037185940458
appr,1e-10,123888195,-13.288618366411857
appr,1e-10,125523229,-13.297415915630927
appr,1e-10,126953274,-13.441262832601216
appr,1e-10,128202169,-13.572653758309007
appr,1e-10,129299864,-13.591136298924255
appr,1e-10,130248925,-13.717066082630803
appr,1e-10,131027333,-13.740651883735747
appr,1e-10,131671852,-13.740651883735747
appr,1e-10,132192931,-13.740651883735747
appr,1e-10,132605989,-13.860602815057735
appr,1e-10,132923075,-13.860602815057735
appr,1e-10,133181541,-13.860602815057735
appr,1e-10,133370168,-13.889438200186277
appr,1e-10,133501172,-13.889438200186277
appr,1e-10,133594712,-13.889438200186277
appr,1e-10,133666965,-13.889438200186277
appr,1e-10,133721554,-13.889438200186277
appr,1e-10,133760850,-13.889438200186277
appr,1e-10,133787782,-13.889438200186277
appr,1e-10,133805035,-13.889438200186277
appr,1e-10,133815406,-13.889438200186277
appr,1e-10,133822237,-13.889438200186277
appr,1e-10,133826217,-13.889438200186277
appr,1e-10,133828318,-13.889438200186277
appr,1e-10,133829889,-13.889438200186277
appr,1e-10,133831192,-13.889438200186277
appr,1e-10,133835652,-13.889438200186277
appr,1e-10,133839139,-13.889438200186277
appr,1e-10,133842137,-13.889438200186277
appr,1e-10,133843830,-13.889438200186277
appr,1e-10,133845112,-13.889438200186277
appr,1e-10,133845973,-13.889438200186277
appr,1e-10,133846249,-13.889438200186277
appr,1e-10,133846296,-13.889438200186277
appr,1e-10,133846297,-13.889438200186277
appropt,1e-10,1,-1.2950033898639888
appropt,1e-10,3,-1.4912931698463163
appropt,1e-10,90,-2.2689623953499307
appropt,1e-10,1234,-2.572806255590254
appropt,1e-10,61114,-3.1567714973697734
appropt,1e-10,977376,-3.651567705273107
appropt,1e-10,2822369,-4.545385582049164
appropt,1e-10,4965531,-5.622503989176404
appropt,1e-10,7203332,-6.698239732136307
appropt,1e-10,9471946,-7.772549511942934
appropt,1e-10,11757047,-8.56599214871544
appropt,1e-10,14050309,-8.920135724859536
appropt,1e-10,16348419,-9.280527127442591
appropt,1e-10,18650491,-9.645711287652604
appropt,1e-10,20954647,-10.014745696902617
appropt,1e-10,23258457,-10.386996509589522
appropt,1e-10,25563287,-10.762035700872456
appropt,1e-10,27865908,-11.139588808368524
appropt,1e-10,30165889,-11.519645988385573
appropt,1e-10,32447257,-11.902094234171091
appropt,1e-10,34723083,-11.902094234171091
appropt,1e-10,36981544,-12.287083762112317
appropt,1e-10,39206671,-12.675071205621071
appropt,1e-10,41369270,-13.06681967411172
appropt,1e-10,43450605,-13.463209656224551
appropt,1e-10,45418549,-13.854122962440423
appropt,1e-10,47280485,-14.205599725551036
appropt,1e-10,49030872,-14.501658564726881
appropt,1e-10,50578493,-14.830337769480543
appropt,1e-10,51945254,-15.204612232559496
appropt,1e-10,53136224,-15.53663573669367
appropt,1e-10,54134416,-15.800496107418063
appropt,1e-10,54927014,-16.1065721618784
appropt,1e-10,55580328,-16.34374445296275
appropt,1e-10,56083737,-16.535800261275753
appropt,1e-10,56452801,-16.70652264375595
appropt,1e-10,56720474,-16.70652264375595
appropt,1e-10,56934573,-16.83430591626776
appropt,1e-10,57066229,-16.93221153975179
appropt,1e-10,57161777,-16.93221153975179
appropt,1e-10,57241906,-16.93221153975179
appropt,1e-10,57285127,-17.00208521539266
appropt,1e-10,57306607,-17.00208521539266
appropt,1e-10,57322809,-17.00208521539266
appropt,1e-10,57338590,-17.00208521539266
appropt,1e-10,57344263,-17.00208521539266
appropt,1e-10,57359752,-17.00208521539266
appropt,1e-10,57361328,-17.00208521539266
appropt,1e-10,57362567,-17.00208521539266
appropt,1e-10,57364590,-17.00208521539266
appropt,1e-10,57364809,-17.00208521539266
appropt,1e-10,57364917,-17.00208521539266
appropt,1e-10,57364994,-17.00208521539266
appropt,1e-10,57365050,-17.00208521539266
appropt,1e-10,57365108,-17.00208521539266
appropt,1e-10,57365129,-17.00208521539266
