node,alpha,method,runtime_ratio,operation_ratio
0,0.001,appr,7.728318614051703,11.377262565586886
0,0.001,locgd,4.020686556324338,7.58143259466426
0,0.0015848931924611,appr,9.018253673013666,9.150553965236144
0,0.0015848931924611,locgd,12.416466284855735,6.049828436629385
0,0.0025118864315095,appr,4.674123725223357,7.484825906172933
0,0.0025118864315095,locgd,3.7303834931992337,4.798134410616046
0,0.0039810717055349,appr,5.237793495597225,6.13662136425317
0,0.0039810717055349,locgd,2.763799272359208,3.7524193704325617
0,0.0063095734448019,appr,3.7033468846764026,5.069888993695322
0,0.0063095734448019,locgd,3.437561112782346,3.0614305076885286
0,0.01,appr,2.6541488312702626,4.185814269536256
0,0.01,locgd,1.8474824979306663,2.5725475274685907
0,0.0158489319246111,appr,2.629586759086968,3.4792955264625163
0,0.0158489319246111,locgd,2.53454713785644,2.175094948633869
0,0.0251188643150958,appr,2.4757893342090003,3.006240959650265
0,0.0251188643150958,locgd,2.076761881951426,1.832273845483134
0,0.0398107170553497,appr,3.4145448737123822,2.5226794790361606
0,0.0398107170553497,locgd,2.0521579763544318,1.5223152132099473
0,0.0630957344480193,appr,2.4458895453952407,2.2652079942088608
0,0.0630957344480193,locgd,1.2253384557975195,1.158870922585451
0,0.1,appr,1.505613755600341,1.9410913256340498
0,0.1,locgd,1.5437947923468711,0.8827546525835781
27,0.001,appr,7.559446810899787,11.394377539132709
27,0.001,locgd,6.480695307468102,7.5659436537903035
27,0.0015848931924611,appr,22.929627304236757,9.203108738220667
27,0.0015848931924611,locgd,18.029710847163905,5.995912327957561
27,0.0025118864315095,appr,7.39522089724891,7.579323454571835
27,0.0025118864315095,locgd,4.297302745114628,4.767982999356381
27,0.0039810717055349,appr,4.355842073249146,6.098812386376689
27,0.0039810717055349,locgd,3.4365504720135482,3.6760418562942774
27,0.0063095734448019,appr,4.008356011712009,4.987342511962125
27,0.0063095734448019,locgd,3.3793007457720554,3.069117800550437
27,0.01,appr,2.813046282992479,4.13614000435304
27,0.01,locgd,2.086762285618493,2.5156341301962377
27,0.0158489319246111,appr,3.186506765583222,3.4654147801283535
27,0.0158489319246111,locgd,2.4824442522489822,2.1283293116377053
27,0.0251188643150958,appr,2.4803910403171807,2.743873022168655
27,0.0251188643150958,locgd,2.2439545117779205,1.7764154679655846
27,0.0398107170553497,appr,1.9034311578860594,2.429487266913689
27,0.0398107170553497,locgd,1.2401569142328162,1.3816023686835162
27,0.0630957344480193,appr,1.8631355169633865,2.1785934559961073
27,0.0630957344480193,locgd,1.1272021300055106,1.121288496068818
27,0.1,appr,1.8070500707292367,1.9130639900935196
27,0.1,locgd,0.8067547229173755,0.8808783036400477
28,0.001,appr,6.955193995782055,11.40880562211427
28,0.001,locgd,6.468931850943972,7.552080133539535
28,0.0015848931924611,appr,19.068225868012252,9.224396010025888
28,0.0015848931924611,locgd,16.515585480993508,6.037292467305708
28,0.0025118864315095,appr,5.34671330389377,7.480908297437876
28,0.0025118864315095,locgd,5.648715777760272,4.761821520863192
28,0.0039810717055349,appr,4.604239436567079,6.08984501246328
28,0.0039810717055349,locgd,4.071333815746739,3.6944705430578524
28,0.0063095734448019,appr,4.39255785976563,4.942876480398241
28,0.0063095734448019,locgd,3.0357196713159764,3.0628046429328584
28,0.01,appr,1.8535273475932608,4.189087023865256
28,0.01,locgd,2.765139426268013,2.5724199563976016
28,0.0158489319246111,appr,2.7677886087022605,3.535017086863315
28,0.0158489319246111,locgd,2.9118947833708355,2.1736947942379388
28,0.0251188643150958,appr,2.250160854299209,2.9421661923739193
28,0.0251188643150958,locgd,2.4693026023987183,1.8331100174679624
28,0.0398107170553497,appr,4.678991718971215,2.4487908255004074
28,0.0398107170553497,locgd,2.37053969296263,1.4687801830742702
28,0.0630957344480193,appr,1.3660876785566731,2.1541634880094236
28,0.0630957344480193,locgd,0.8462794694234959,1.143046982238762
28,0.1,appr,1.2417116473036405,1.9451388617822032
28,0.1,locgd,0.8902898990147201,0.8551142081187385
31,0.001,appr,6.876266798195146,11.690097661451324
31,0.001,locgd,5.244524802460604,7.765200088571927
31,0.0015848931924611,appr,28.82212497049984,9.471439554205864
31,0.0015848931924611,locgd,19.30768458236065,6.245709517181604
31,0.0025118864315095,appr,16.49306031335072,7.975060154806203
31,0.0025118864315095,locgd,13.326920131118296,5.01866721885034
31,0.0039810717055349,appr,3.099926353123792,6.677649238808637
31,0.0039810717055349,locgd,2.575300941891755,4.079659458871306
31,0.0063095734448019,appr,6.132948354747988,5.6243631008310295
31,0.0063095734448019,locgd,4.996648195673544,3.414797473263644
31,0.01,appr,4.578132800151685,4.865959646181419
31,0.01,locgd,4.8298123167751585,2.915521598561962
31,0.0158489319246111,appr,3.496469073449719,3.966149918972069
31,0.0158489319246111,locgd,2.09885562356914,2.3943547760340187
31,0.0251188643150958,appr,2.413847338374105,3.161152748929778
31,0.0251188643150958,locgd,1.6112356734210354,1.7885496579640752
31,0.0398107170553497,appr,2.016059294507563,2.3701726356871298
31,0.0398107170553497,locgd,0.8928369272213094,1.1590457280719204
31,0.0630957344480193,appr,2.0301797605681426,1.4074516018080714
31,0.0630957344480193,locgd,1.2999398403761266,0.765168928292339
31,0.1,appr,1.2221017351584471,0.9858080753770442
31,0.1,locgd,0.4371691010302919,0.6108422218720289
44,0.001,appr,8.148339725922682,11.414041950570754
44,0.001,locgd,4.739832848116716,7.604183579106506
44,0.0015848931924611,appr,7.543584759544402,9.247382556720252
44,0.0015848931924611,locgd,6.800892764711689,6.018478140543249
44,0.0025118864315095,appr,6.278401074685727,7.602235485795724
44,0.0025118864315095,locgd,6.392283285489996,4.815025690990365
44,0.0039810717055349,appr,5.5440690369798835,6.279151371660228
44,0.0039810717055349,locgd,4.6852501324140965,3.7912136788292803
44,0.0063095734448019,appr,4.662199931611365,5.168651533533718
44,0.0063095734448019,locgd,4.336642648594948,3.15877089898338
44,0.01,appr,3.399648989660274,4.372612380655783
44,0.01,locgd,3.2744810457476143,2.6758010935146537
44,0.0158489319246111,appr,2.313975377046097,3.70738727457549
44,0.0158489319246111,locgd,1.6413813486147772,2.2682124999695406
44,0.0251188643150958,appr,2.739649475294698,3.1162974099065766
44,0.0251188643150958,locgd,1.932384278219565,1.976612892573123
44,0.0398107170553497,appr,2.0344017281914493,2.69101303827218
44,0.0398107170553497,locgd,1.6182204681334478,1.579221866398762
44,0.0630957344480193,appr,1.0062204136571968,2.111972110516229
44,0.0630957344480193,locgd,0.6283025856252014,1.0533005806771196
44,0.1,appr,2.895186097396223,1.537266948574226
44,0.1,locgd,0.8375637752514643,0.6823141366177775
50,0.001,appr,8.004236229336842,11.451152476767001
50,0.001,locgd,3.7054480753968386,7.5791722598585345
50,0.0015848931924611,appr,7.552892432662204,9.228299833771187
50,0.0015848931924611,locgd,6.776342972976783,6.0418794411480965
50,0.0025118864315095,appr,6.601606349931934,7.438759631388959
50,0.0025118864315095,locgd,5.8650416194626604,4.7710179926025
50,0.0039810717055349,appr,3.8859013801413984,6.183395845439933
50,0.0039810717055349,locgd,3.781399068734271,3.7301352857263206
50,0.0063095734448019,appr,3.0598820941279956,5.090783730410366
50,0.0063095734448019,locgd,2.202609417698375,3.0679087199880852
50,0.01,appr,5.018694432054715,4.214410268710727
50,0.01,locgd,3.2568977202405183,2.5853371272033825
50,0.0158489319246111,appr,4.12413633640638,3.513536718297328
50,0.0158489319246111,locgd,3.657758858121912,2.1939021777165397
50,0.0251188643150958,appr,1.867031642226292,2.9841218925462605
50,0.0251188643150958,locgd,2.56487490489424,1.8160733319050357
50,0.0398107170553497,appr,2.4386511470430556,2.5689394156979133
50,0.0398107170553497,locgd,1.27283613324788,1.4854956374159276
50,0.0630957344480193,appr,2.15338437806978,2.2976275175708794
50,0.0630957344480193,locgd,2.150476103559827,1.1304235221624432
50,0.1,appr,1.443916356636464,1.7727333893518433
50,0.1,locgd,1.1064577481426707,0.7594772661889457
67,0.001,appr,8.296267224115768,11.477778488734973
67,0.001,locgd,3.914863396342259,7.5877135715900215
67,0.0015848931924611,appr,6.274615346250376,9.292888322489405
67,0.0015848931924611,locgd,8.351058652100535,6.059064903206817
67,0.0025118864315095,appr,6.955387282422114,7.597088985579514
67,0.0025118864315095,locgd,4.777776952733436,4.824803703123782
67,0.0039810717055349,appr,4.874669896584018,6.28821059802432
67,0.0039810717055349,locgd,2.84942919833124,3.8821654095424165
67,0.0063095734448019,appr,4.6440049812073685,5.128655478719697
67,0.0063095734448019,locgd,2.860766121718528,3.128174802132822
67,0.01,appr,3.8299982247063378,4.380791514031476
67,0.01,locgd,2.6813484445273916,2.6833065820071624
67,0.0158489319246111,appr,3.1141517596982426,3.783480525422333
67,0.0158489319246111,locgd,3.085974140015888,2.3131505780348425
67,0.0251188643150958,appr,2.2397429103936384,3.2082878011379563
67,0.0251188643150958,locgd,1.5568973466580285,1.8860699774290068
67,0.0398107170553497,appr,2.03312974511341,2.6724592015430226
67,0.0398107170553497,locgd,1.792460192924609,1.3728453277489645
67,0.0630957344480193,appr,1.2624580736750022,1.8807445317366833
67,0.0630957344480193,locgd,0.8626180005487271,0.9364443421704973
67,0.1,appr,1.0313423915433992,1.1731787805580671
67,0.1,locgd,0.733173845213921,0.7141828916526547
68,0.001,appr,7.727711494937938,11.38396628034941
68,0.001,locgd,4.430854222331233,7.560378111421235
68,0.0015848931924611,appr,21.2967449065896,9.16868711322051
68,0.0015848931924611,locgd,17.65562564678055,6.050784000619336
68,0.0025118864315095,appr,6.649168617141305,7.5155234902811765
68,0.0025118864315095,locgd,4.048723080671203,4.813172617043818
68,0.0039810717055349,appr,4.824567210141649,6.060363474327309
68,0.0039810717055349,locgd,3.729308256034133,3.696918450940632
68,0.0063095734448019,appr,3.866536814806359,5.102272347930819
68,0.0063095734448019,locgd,3.556540542282828,3.133205005586077
68,0.01,appr,2.90236123874044,4.287801309773365
68,0.01,locgd,2.422948618830958,2.6312749903270296
68,0.0158489319246111,appr,1.8230026792144758,3.6603932676217306
68,0.0158489319246111,locgd,2.356646782773763,2.2530937731860137
68,0.0251188643150958,appr,2.2441539469025025,3.0847613187164513
68,0.0251188643150958,locgd,1.936194806507396,1.7961396114817896
68,0.0398107170553497,appr,1.8133284192769883,2.6524586464824433
68,0.0398107170553497,locgd,2.184927510315973,1.4806170419293316
68,0.0630957344480193,appr,1.9519514461303773,2.2132059540795526
68,0.0630957344480193,locgd,1.2750272648049636,1.1598138210489701
68,0.1,appr,3.7607168094429877,1.804107808011339
68,0.1,locgd,0.5139458051836108,0.8558833821995114
84,0.001,appr,7.2841536397223665,11.401123488341877
84,0.001,locgd,4.434541037257719,7.550682936573637
84,0.0015848931924611,appr,8.308348423020703,9.275891080923778
84,0.0015848931924611,locgd,9.30907313795682,6.02134484764122
84,0.0025118864315095,appr,5.774077592832098,7.593099057074237
84,0.0025118864315095,locgd,5.093539468516192,4.795193542242479
84,0.0039810717055349,appr,3.8828118608016102,6.242201558456846
84,0.0039810717055349,locgd,3.9578353715403596,3.851832886172463
84,0.0063095734448019,appr,4.6953074733309546,5.214467510935589
84,0.0063095734448019,locgd,4.476200540670818,3.118034776877487
84,0.01,appr,3.215526333557542,4.313002758959402
84,0.01,locgd,2.4305604337052387,2.667486468247172
84,0.0158489319246111,appr,3.8346641283660294,3.7473415422786296
84,0.0158489319246111,locgd,2.47446774449276,2.221028029562567
84,0.0251188643150958,appr,3.0508511538038072,3.1538157280847865
84,0.0251188643150958,locgd,2.2238003847096417,1.865639382023716
84,0.0398107170553497,appr,2.2896213184875047,2.6722864076332526
84,0.0398107170553497,locgd,1.4103677667717096,1.4702884628917603
84,0.0630957344480193,appr,1.6214746781320044,2.1424118338841422
84,0.0630957344480193,locgd,1.2287758279375258,1.0356618990551831
84,0.1,appr,1.7347060611650582,1.3008151956878735
84,0.1,locgd,0.5944683908115413,0.6884989249330625
100,0.001,appr,7.198452965879374,11.415193712655705
100,0.001,locgd,4.957188807245318,7.582891506087864
100,0.0015848931924611,appr,7.853560765049447,9.161992490515468
100,0.0015848931924611,locgd,7.539025680795924,5.9966826472313794
100,0.0025118864315095,appr,6.012400782634039,7.50453538827706
100,0.0025118864315095,locgd,6.467296891301501,4.7830392690660615
100,0.0039810717055349,appr,3.4529020569566127,6.21177434723685
100,0.0039810717055349,locgd,3.082141285998304,3.8001869763739893
100,0.0063095734448019,appr,5.135352535011158,5.081142141114935
100,0.0063095734448019,locgd,3.899380487583838,3.062153640359908
100,0.01,appr,3.0436697105683517,4.261907584668218
100,0.01,locgd,3.5269245163646223,2.613137923385377
100,0.0158489319246111,appr,3.486894507099973,3.5739909941552988
100,0.0158489319246111,locgd,2.149728603378086,2.2697564221790407
100,0.0251188643150958,appr,2.6042918457798594,2.988626678815067
100,0.0251188643150958,locgd,1.4638883523728161,1.9033178138735263
100,0.0398107170553497,appr,1.5928374895905173,2.63219394714102
100,0.0398107170553497,locgd,2.29064958516706,1.5032137361793536
100,0.0630957344480193,appr,1.8310488173176136,2.154903958013362
100,0.0630957344480193,locgd,1.0790504600403263,1.035224961719039
100,0.1,appr,1.5799061102818601,1.5534869403318325
100,0.1,locgd,1.1746435888885325,0.7133327832045795
101,0.001,appr,7.55189698210483,11.426542533216537
101,0.001,locgd,3.85504379676443,7.5582948485550485
101,0.0015848931924611,appr,7.008713799185379,9.198772192835015
101,0.0015848931924611,locgd,5.527027718672329,5.990130458570993
101,0.0025118864315095,appr,5.0948718852954,7.498435575649869
101,0.0025118864315095,locgd,4.982464697000035,4.795972137310358
101,0.0039810717055349,appr,5.129944215969914,6.186454224351553
101,0.0039810717055349,locgd,4.495039124257264,3.673288541838625
101,0.0063095734448019,appr,3.2876520157910867,5.046849763657413
101,0.0063095734448019,locgd,3.3722319333408857,3.0820485537318554
101,0.01,appr,2.4804726158118915,4.2108289707492
101,0.01,locgd,4.12277833579881,2.591303893887293
101,0.0158489319246111,appr,3.002415795871646,3.5585600366028
101,0.0158489319246111,locgd,2.639437833715581,2.1560257617441057
101,0.0251188643150958,appr,1.7057489469017408,3.0259351961858973
101,0.0251188643150958,locgd,1.4395975781352714,1.884762790851626
101,0.0398107170553497,appr,2.1789279364938863,2.530750349589565
101,0.0398107170553497,locgd,1.4464869904112228,1.571085368906921
101,0.0630957344480193,appr,2.0539019692883733,2.2625675449673177
101,0.0630957344480193,locgd,1.5227263704122107,1.1462118865949675
101,0.1,appr,0.9497433238271029,1.966493256996028
101,0.1,locgd,0.5613288773590864,0.87890687903868
121,0.001,appr,7.124322562180364,11.302637404893456
121,0.001,locgd,4.014851016808036,7.568693414094779
121,0.0015848931924611,appr,6.00155542065924,9.25557811852259
121,0.0015848931924611,locgd,4.124203804460849,6.032204381425908
121,0.0025118864315095,appr,7.125329552820175,7.604343556840081
121,0.0025118864315095,locgd,5.9209879737135225,4.817441864656607
121,0.0039810717055349,appr,3.7204139973173587,6.222769445449792
121,0.0039810717055349,locgd,4.722005106199968,3.7312154634108157
121,0.0063095734448019,appr,6.687607476983391,5.140252191029132
121,0.0063095734448019,locgd,3.518169973250708,3.141329274257775
121,0.01,appr,3.3765508330108283,4.272427819809429
121,0.01,locgd,1.8398078012413719,2.630752959326331
121,0.0158489319246111,appr,3.1587507385566993,3.6311092303169925
121,0.0158489319246111,locgd,2.2731057980364544,2.237680040570083
121,0.0251188643150958,appr,4.377345749864329,2.9669045163603407
121,0.0251188643150958,locgd,3.2055986148891473,1.8536111065505059
121,0.0398107170553497,appr,2.412624464893266,2.5947864951995205
121,0.0398107170553497,locgd,1.2236248096086522,1.4624883808166753
121,0.0630957344480193,appr,1.852958788587739,2.306116961094271
121,0.0630957344480193,locgd,0.9976786500275636,1.1634741610471253
121,0.1,appr,1.5286852318208894,1.7978472116444055
121,0.1,locgd,0.9925044303022438,0.8832621307097592
177,0.001,appr,8.227569580955338,11.38084636580073
177,0.001,locgd,4.24524812138487,7.560726198069029
177,0.0015848931924611,appr,6.825378685551218,9.206707806217182
177,0.0015848931924611,locgd,6.87651751943213,6.0471851343601255
177,0.0025118864315095,appr,5.568192291995213,7.46363106185782
177,0.0025118864315095,locgd,5.423351789796252,4.80595183310535
177,0.0039810717055349,appr,3.523172669470884,6.212140917882236
177,0.0039810717055349,locgd,2.2996862782048617,3.714755826679942
177,0.0063095734448019,appr,3.989805473966441,5.123643788656305
177,0.0063095734448019,locgd,2.647156366891863,3.094683786885848
177,0.01,appr,3.8920115752297546,4.249473169160971
177,0.01,locgd,2.9588497611376963,2.6116140517507858
177,0.0158489319246111,appr,2.663663529790961,3.6031117921153974
177,0.0158489319246111,locgd,2.7972316144330773,2.215204843975784
177,0.0251188643150958,appr,2.489993425612017,2.94087944460639
177,0.0251188643150958,locgd,1.7308286310664576,1.7552294559558013
177,0.0398107170553497,appr,1.9961127594450354,2.6564753084947825
177,0.0398107170553497,locgd,1.5426846239870229,1.4022587356046619
177,0.0630957344480193,appr,1.5527252093503645,2.3008866788136997
177,0.0630957344480193,locgd,1.6022788713422866,1.0981394070642705
177,0.1,appr,1.0117143995035927,1.7977047687648264
177,0.1,locgd,0.6236823432257108,0.8730415765057622
193,0.001,appr,8.020995216049316,11.45451215184687
193,0.001,locgd,3.959785821722157,7.577782640909787
193,0.0015848931924611,appr,3.8821581234294076,9.22259152513065
193,0.0015848931924611,locgd,1.5759755541890352,6.039272121840225
193,0.0025118864315095,appr,7.327426838164469,7.562762377316445
193,0.0025118864315095,locgd,9.399110045828168,4.819156392312233
193,0.0039810717055349,appr,5.683257030325029,6.174036365879449
193,0.0039810717055349,locgd,3.916780675346533,3.717023623300621
193,0.0063095734448019,appr,4.537078040260566,5.038598151334264
193,0.0063095734448019,locgd,3.103951505033259,3.1283205676127874
193,0.01,appr,2.7612032054627225,4.2608336187853455
193,0.01,locgd,2.5776582781151514,2.621049372522964
193,0.0158489319246111,appr,2.5624592404771733,3.6263004952770026
193,0.0158489319246111,locgd,2.1450292932933563,2.235585081798084
193,0.0251188643150958,appr,2.5743672281066767,3.1163073519018303
193,0.0251188643150958,locgd,2.0065933100453095,1.9447937245796156
193,0.0398107170553497,appr,1.742762927555308,2.6153512632671383
193,0.0398107170553497,locgd,2.6755751378292283,1.6229383014252707
193,0.0630957344480193,appr,2.082873453327716,2.325539718721757
193,0.0630957344480193,locgd,0.9737458156154082,1.2241417754584376
193,0.1,appr,0.7839300183013789,1.804542796021233
193,0.1,locgd,0.35917535688795155,0.8716758917870356
198,0.001,appr,8.072597642678256,11.510191690664067
198,0.001,locgd,4.1449709839033115,7.586614555609259
198,0.0015848931924611,appr,30.499706552188158,9.258283719916781
198,0.0015848931924611,locgd,17.873394427089174,6.084742655298271
198,0.0025118864315095,appr,5.615045579733688,7.575251903913162
198,0.0025118864315095,locgd,4.563224762075262,4.8266135825321905
198,0.0039810717055349,appr,4.586778831507902,6.296545556653989
198,0.0039810717055349,locgd,3.849355289707547,3.828932521359787
198,0.0063095734448019,appr,4.078112613877962,5.192136213311103
198,0.0063095734448019,locgd,3.7683109847884406,3.115759919811551
198,0.01,appr,2.511280939838463,4.458890943335187
198,0.01,locgd,2.258233035949223,2.6977378891780353
198,0.0158489319246111,appr,2.545047494572557,3.623024439363544
198,0.0158489319246111,locgd,2.2691131323663245,2.331337449787885
198,0.0251188643150958,appr,3.188346622108795,3.241267869462088
198,0.0251188643150958,locgd,2.314868265296887,1.9508739553807448
198,0.0398107170553497,appr,2.2358922266833217,2.692855972100027
198,0.0398107170553497,locgd,1.8308693768220556,1.439602908378725
198,0.0630957344480193,appr,3.0536349716239672,1.9014821045478836
198,0.0630957344480193,locgd,0.977122802657763,0.9441321315546063
198,0.1,appr,0.6488194839896672,1.1402230036104162
198,0.1,locgd,0.6149544373720621,0.6986383252993378
216,0.001,appr,7.193994217236083,11.483085825452578
216,0.001,locgd,4.252943246066518,7.59981531256243
216,0.0015848931924611,appr,8.269254763759426,9.35279978203432
216,0.0015848931924611,locgd,9.319681677834943,6.070517253659075
216,0.0025118864315095,appr,7.268173256076363,7.637268427409539
216,0.0025118864315095,locgd,5.069103160465932,4.843594964172321
216,0.0039810717055349,appr,6.023557240554371,6.285420749738457
216,0.0039810717055349,locgd,5.182354441738362,3.8781805920598726
216,0.0063095734448019,appr,5.065758806017764,5.276436814594817
216,0.0063095734448019,locgd,3.6015420212209737,3.180275014036858
216,0.01,appr,4.2820638674197555,4.503756555190291
216,0.01,locgd,2.592861566274523,2.697304041348234
216,0.0158489319246111,appr,2.6460962665159555,3.796685771741531
216,0.0158489319246111,locgd,2.2816275863041646,2.213858363562689
216,0.0251188643150958,appr,2.2571578216063974,3.2830394453534257
216,0.0251188643150958,locgd,1.7827180884414244,1.8015863984309046
216,0.0398107170553497,appr,2.1052510726385605,2.7516016106140375
216,0.0398107170553497,locgd,1.4302135688934878,1.3381409087054066
216,0.0630957344480193,appr,2.548659842592644,2.169747584097739
216,0.0630957344480193,locgd,1.6475481860739374,1.0251343044441117
216,0.1,appr,1.2772456224570352,1.5866602880457146
216,0.1,locgd,0.745474182490559,0.7337717004083724
233,0.001,appr,7.6491185421493935,11.357569104376957
233,0.001,locgd,3.953608487959068,7.523528233430917
233,0.0015848931924611,appr,4.375693883966534,9.268102039839949
233,0.0015848931924611,locgd,1.8325282655686688,6.014357422170659
233,0.0025118864315095,appr,6.255905740156835,7.488270093058597
233,0.0025118864315095,locgd,7.908232927796378,4.7728298342674895
233,0.0039810717055349,appr,9.793733051340057,6.1947485213773135
233,0.0039810717055349,locgd,9.893897603227709,3.6770322777138618
233,0.0063095734448019,appr,3.5354015253559656,5.059361405840018
233,0.0063095734448019,locgd,2.5892925938714715,3.0259951455775393
233,0.01,appr,3.4123032780022102,4.232907508970533
233,0.01,locgd,2.519645405926296,2.5970135886173336
233,0.0158489319246111,appr,2.666316160518954,3.536585901397298
233,0.0158489319246111,locgd,1.8945729817598271,2.209052651817938
233,0.0251188643150958,appr,1.7068722961600598,3.0111596406486076
233,0.0251188643150958,locgd,1.7673411675796369,1.874674444193163
233,0.0398107170553497,appr,1.38254624703912,2.5964330152319754
233,0.0398107170553497,locgd,1.2621352149942109,1.553879596649076
233,0.0630957344480193,appr,1.2187059658593011,2.191621062562025
233,0.0630957344480193,locgd,1.2066439886250753,1.1567870620980576
233,0.1,appr,0.4083444621771716,1.7835830641157153
233,0.1,locgd,0.35231780985715705,0.8577457715706153
237,0.001,appr,7.536472755843597,11.436838787294908
237,0.001,locgd,3.7319337028252666,7.567868380246178
237,0.0015848931924611,appr,9.439895451429882,9.202747460064982
237,0.0015848931924611,locgd,7.9255279036329185,6.0269428357173975
237,0.0025118864315095,appr,6.643386755734613,7.499656675834575
237,0.0025118864315095,locgd,6.621127582604454,4.771101188774675
237,0.0039810717055349,appr,5.155085548984787,6.138280758686631
237,0.0039810717055349,locgd,3.8459416458353046,3.654923661132516
237,0.0063095734448019,appr,5.431604248240368,4.988044226614913
237,0.0063095734448019,locgd,6.581648102227338,3.0476669727377286
237,0.01,appr,3.013404545831177,4.13965507415935
237,0.01,locgd,2.7756961032478373,2.5468869679226844
237,0.0158489319246111,appr,2.503896807791,3.471658046990153
237,0.0158489319246111,locgd,2.4020836979694318,2.1361629665871655
237,0.0251188643150958,appr,2.288476482070343,2.926961898244863
237,0.0251188643150958,locgd,1.5511090330719868,1.790480383125312
237,0.0398107170553497,appr,2.571321456907817,2.5168278594310265
237,0.0398107170553497,locgd,2.3128345557534895,1.524585059024508
237,0.0630957344480193,appr,1.2810582077942703,2.1959061304462093
237,0.0630957344480193,locgd,1.56004764063567,1.243406147197511
237,0.1,appr,2.0820917430329646,1.9182471811735804
237,0.1,locgd,1.0279683285350085,0.9611103514461115
362,0.001,appr,7.229288530940403,11.422063066371743
362,0.001,locgd,4.669812266399059,7.552124404753207
362,0.0015848931924611,appr,25.31976316579671,9.226699938359726
362,0.0015848931924611,locgd,18.233925519223703,6.04341168047543
362,0.0025118864315095,appr,13.223672177391618,7.433315888290985
362,0.0025118864315095,locgd,12.45678944165186,4.78799309528609
362,0.0039810717055349,appr,2.726019039894765,6.156713322217738
362,0.0039810717055349,locgd,1.9440521435331979,3.6758560918340586
362,0.0063095734448019,appr,4.939233227300416,5.00415181688006
362,0.0063095734448019,locgd,4.3549339108912015,3.0722342557293776
362,0.01,appr,3.32091261435144,4.108688677479122
362,0.01,locgd,2.413748404781096,2.5521835400178223
362,0.0158489319246111,appr,3.074432520264,3.4884178040147322
362,0.0158489319246111,locgd,2.495540462183075,2.1483701371321513
362,0.0251188643150958,appr,2.5910039364179878,2.9509866084253127
362,0.0251188643150958,locgd,1.5781989791111335,1.801838830008188
362,0.0398107170553497,appr,1.5948285099859434,2.544104791069824
362,0.0398107170553497,locgd,1.455935875451216,1.4917037003271196
362,0.0630957344480193,appr,3.103221874370611,2.2160134840535264
362,0.0630957344480193,locgd,1.888351149706495,1.1873760776061983
362,0.1,appr,1.9690026037684363,1.9129112096894958
362,0.1,locgd,1.0107853287248287,0.879021631186978
380,0.001,appr,8.194417655488332,11.367685184451869
380,0.001,locgd,4.1202013442384455,7.547304888903418
380,0.0015848931924611,appr,6.721808066051538,9.14472344738902
380,0.0015848931924611,locgd,7.151877614898074,6.008806368053152
380,0.0025118864315095,appr,5.362751011370027,7.441929010043711
380,0.0025118864315095,locgd,5.168979881266381,4.733284266628712
380,0.0039810717055349,appr,6.186916680586527,6.1228662165716345
380,0.0039810717055349,locgd,5.511913575020588,3.6393096611377316
380,0.0063095734448019,appr,3.913338949727516,4.972047184876032
380,0.0063095734448019,locgd,3.2318143746445998,3.0489259901677697
380,0.01,appr,4.282677275065341,4.119116695021976
380,0.01,locgd,2.6087837679878882,2.52864242642012
380,0.0158489319246111,appr,3.70817785480346,3.4457842056810946
380,0.0158489319246111,locgd,2.8982154471959545,2.1190386967189347
380,0.0251188643150958,appr,2.2318487376171374,2.844526843218942
380,0.0251188643150958,locgd,1.4329741002676692,1.738085641854771
380,0.0398107170553497,appr,2.979817895364094,2.5071341237776674
380,0.0398107170553497,locgd,1.3196705295159357,1.4294915732009237
380,0.0630957344480193,appr,2.888250929882846,2.1150883204406203
380,0.0630957344480193,locgd,1.8903327473467821,1.1971156264909775
380,0.1,appr,0.9151946920299411,1.9482238310916635
380,0.1,locgd,0.5122727367404147,0.9708966649010985
384,0.001,appr,8.368926030141889,11.542204105641241
384,0.001,locgd,3.7450896369473345,7.653395159930705
384,0.0015848931924611,appr,8.867762173687478,9.405289188441754
384,0.0015848931924611,locgd,10.864495495301654,6.1573608512494244
384,0.0025118864315095,appr,5.223948790633631,7.701788505414605
384,0.0025118864315095,locgd,5.916812963963753,4.92001019910588
384,0.0039810717055349,appr,5.316698384511126,6.378015618989528
384,0.0039810717055349,locgd,5.1809281619724645,4.005134907055107
384,0.0063095734448019,appr,4.382150375611501,5.44474512617269
384,0.0063095734448019,locgd,3.061639092438995,3.2270649313698585
384,0.01,appr,3.0106281506615056,4.631550984889966
384,0.01,locgd,2.4482755534123863,2.817490026304568
384,0.0158489319246111,appr,3.5198450040473155,3.954582011964819
384,0.0158489319246111,locgd,1.7843126763989758,2.2755250036600896
384,0.0251188643150958,appr,2.6965775093850115,3.2501246580831697
384,0.0251188643150958,locgd,1.9859581511456168,1.747186493899352
384,0.0398107170553497,appr,3.0576478721001923,2.638664917848866
384,0.0398107170553497,locgd,1.7885145347737232,1.272099727571462
384,0.0630957344480193,appr,2.096442323572072,1.8201765174739721
384,0.0630957344480193,locgd,1.0811097746826341,0.8434884773258543
384,0.1,appr,1.1029908562011759,1.4181103071303527
384,0.1,locgd,0.518717002722732,0.7365840077720686
391,0.001,appr,7.28497228793793,11.394048686712358
391,0.001,locgd,4.7301415768612625,7.573758076356537
391,0.0015848931924611,appr,8.026416647869752,9.181234287254181
391,0.0015848931924611,locgd,7.503245664396437,6.035305285195285
391,0.0025118864315095,appr,5.954443778900244,7.578227477604062
391,0.0025118864315095,locgd,4.628399966684429,4.793820308517448
391,0.0039810717055349,appr,3.4420994217978373,6.109019010982548
391,0.0039810717055349,locgd,3.0636433923769273,3.6885020962471033
391,0.0063095734448019,appr,4.19216132211262,5.058800388610124
391,0.0063095734448019,locgd,3.158323881552437,3.0888284971074054
391,0.01,appr,3.080757421902656,4.181945695127924
391,0.01,locgd,2.5882661070014956,2.634810044415861
391,0.0158489319246111,appr,2.306878334332944,3.5297899600949862
391,0.0158489319246111,locgd,3.2210227656128865,2.170774738351622
391,0.0251188643150958,appr,2.0116037335974637,2.9960419521449726
391,0.0251188643150958,locgd,2.077676633508279,1.715396964440335
391,0.0398107170553497,appr,2.001763206609006,2.573400023691289
391,0.0398107170553497,locgd,1.3557514564842983,1.36023923426994
391,0.0630957344480193,appr,2.1156596904790805,2.3093531752003433
391,0.0630957344480193,locgd,1.2231910195518163,1.0966513421267554
391,0.1,appr,1.3602655227178755,1.8000989565139505
391,0.1,locgd,1.030185820186009,0.8689776282486513
407,0.001,appr,7.354957824292537,11.379882591926723
407,0.001,locgd,5.126558989352786,7.563903841706985
407,0.0015848931924611,appr,33.22019835473508,9.167456096569811
407,0.0015848931924611,locgd,23.724733758400443,6.02220146755932
407,0.0025118864315095,appr,12.091474019949766,7.504214501435214
407,0.0025118864315095,locgd,12.723624517566819,4.777963189263427
407,0.0039810717055349,appr,4.236916160043011,6.1616094344074215
407,0.0039810717055349,locgd,2.9035663955368824,3.6639822518371417
407,0.0063095734448019,appr,3.767841096520778,5.019622830783446
407,0.0063095734448019,locgd,3.666264321151345,3.0622366797250837
407,0.01,appr,3.241749160013832,4.183410836494024
407,0.01,locgd,3.774392605032832,2.569472331662098
407,0.0158489319246111,appr,2.8995337296862056,3.4732466797056305
407,0.0158489319246111,locgd,2.410046469457195,2.168007406781337
407,0.0251188643150958,appr,1.8945057702242272,2.933428562149467
407,0.0251188643150958,locgd,2.2644402947128404,1.8207178806187732
407,0.0398107170553497,appr,2.143942015590731,2.519210501450326
407,0.0398107170553497,locgd,1.2912456536294916,1.5094550599378789
407,0.0630957344480193,appr,1.9693834582178187,2.2789462540954495
407,0.0630957344480193,locgd,1.0733216811397572,1.2013806064212431
407,0.1,appr,1.7177627389607804,1.9845077374782054
407,0.1,locgd,0.6368697970104178,0.8736478290636245
410,0.001,appr,8.511943862848977,11.604974627528936
410,0.001,locgd,4.627336804962232,7.678282957436107
410,0.0015848931924611,appr,6.8123058209862,9.409480738948945
410,0.0015848931924611,locgd,4.190400170484335,6.134319096263936
410,0.0025118864315095,appr,8.29642890916844,7.804883186634623
410,0.0025118864315095,locgd,5.172792455712157,4.953755770366649
410,0.0039810717055349,appr,7.549019006214891,6.481123055288178
410,0.0039810717055349,locgd,5.012933364229058,4.036073349796385
410,0.0063095734448019,appr,2.939329976194862,5.410028941594971
410,0.0063095734448019,locgd,2.788148946225982,3.305485616636186
410,0.01,appr,3.975714967284397,4.7182880296783365
410,0.01,locgd,2.7495371942141547,2.882869065536651
410,0.0158489319246111,appr,3.806215015349718,3.970956883092916
410,0.0158489319246111,locgd,2.2747016765732466,2.3252859003449164
410,0.0251188643150958,appr,1.8410237372755822,3.291993692628202
410,0.0251188643150958,locgd,1.3338991387723427,1.9511260563616208
410,0.0398107170553497,appr,2.10593157253192,2.6427421916473204
410,0.0398107170553497,locgd,1.0331665701317962,1.3875227625890394
410,0.0630957344480193,appr,3.3691175190760876,1.8490492982325395
410,0.0630957344480193,locgd,0.8631868489674515,0.8353933679413768
410,0.1,appr,0.5621350779302555,1.1556888524087183
410,0.1,locgd,0.9745126776891134,0.719441635003508
421,0.001,appr,7.282176882174973,11.336934328900073
421,0.001,locgd,5.092516718442634,7.581563608835514
421,0.0015848931924611,appr,9.658052597006684,9.290327506938826
421,0.0015848931924611,locgd,11.913487616583014,6.087727206411693
421,0.0025118864315095,appr,6.4981295974557645,7.554261284480229
421,0.0025118864315095,locgd,6.625418829260623,4.825129366500533
421,0.0039810717055349,appr,4.708691634173204,6.269073192877562
421,0.0039810717055349,locgd,4.04473962061144,3.8390142769833058
421,0.0063095734448019,appr,3.8310400092478964,5.188884568113722
421,0.0063095734448019,locgd,3.6006838242113854,3.1162339880690153
421,0.01,appr,4.962944912046197,4.331843191819757
421,0.01,locgd,2.97431586889618,2.6575492595198367
421,0.0158489319246111,appr,4.150265669822568,3.7222172598106886
421,0.0158489319246111,locgd,2.784275990829238,2.281783681490835
421,0.0251188643150958,appr,3.1846544352262267,3.2329225016728427
421,0.0251188643150958,locgd,1.956173079956626,1.909139806259255
421,0.0398107170553497,appr,1.8645414795514996,2.669410387031867
421,0.0398107170553497,locgd,1.302908047734762,1.5102918664384064
421,0.0630957344480193,appr,1.9758624838279684,2.102359565126769
421,0.0630957344480193,locgd,1.8000684704319512,0.9883888997857515
421,0.1,appr,1.1680314401978038,1.398363299857999
421,0.1,locgd,0.9680535184444898,0.7322161424603514
471,0.001,appr,7.892453032876522,11.438209020497204
471,0.001,locgd,5.07919821064737,7.572666982598752
471,0.0015848931924611,appr,26.74938369457309,9.211690443703064
471,0.0015848931924611,locgd,15.810214567562081,6.032576439256133
471,0.0025118864315095,appr,3.961657537415431,7.566203010760473
471,0.0025118864315095,locgd,2.6645022256381266,4.818139393012746
471,0.0039810717055349,appr,5.544905767156831,6.142281038176116
471,0.0039810717055349,locgd,4.894975191196601,3.7542074908413428
471,0.0063095734448019,appr,4.309409810949004,5.098613110505005
471,0.0063095734448019,locgd,4.268333853539051,3.1437257447310336
471,0.01,appr,3.1029826986010134,4.279706112576563
471,0.01,locgd,2.4750035946557145,2.635673251637249
471,0.0158489319246111,appr,2.628292516951751,3.643014859167775
471,0.0158489319246111,locgd,2.08677224610072,2.244292889743035
471,0.0251188643150958,appr,2.8412402413882774,3.0522366299803836
471,0.0251188643150958,locgd,2.3160663226982074,1.821060029327136
471,0.0398107170553497,appr,2.01861384511885,2.60759713513325
471,0.0398107170553497,locgd,1.8279947063641906,1.42234263044304
471,0.0630957344480193,appr,1.9721156501986317,2.312062597786726
471,0.0630957344480193,locgd,1.57086147527977,1.101215835210933
471,0.1,appr,2.071087405099572,1.7855125280659319
471,0.1,locgd,0.7919292367373454,0.7932696221716683
489,0.001,appr,7.590489157468214,11.501764882539945
489,0.001,locgd,4.089074398675049,7.68578434018507
489,0.0015848931924611,appr,7.494680005504555,9.373539208694623
489,0.0015848931924611,locgd,8.759137282407686,6.112150607877636
489,0.0025118864315095,appr,7.113492287773125,7.766154133123793
489,0.0025118864315095,locgd,5.881845929095843,4.931637097178428
489,0.0039810717055349,appr,5.803869084258454,6.39874838977299
489,0.0039810717055349,locgd,4.419853089510786,4.018244045297262
489,0.0063095734448019,appr,4.621175614888462,5.478351971182662
489,0.0063095734448019,locgd,4.91794474850818,3.271402132507884
489,0.01,appr,4.175680711132967,4.681018199407628
489,0.01,locgd,2.365449457518324,2.8814887754643297
489,0.0158489319246111,appr,3.3613385979581203,3.93772466273453
489,0.0158489319246111,locgd,2.156315646355333,2.4276423145033768
489,0.0251188643150958,appr,1.7245400088499232,3.2692952574210707
489,0.0251188643150958,locgd,1.584007342042285,1.8655786426474386
489,0.0398107170553497,appr,4.40516099222288,2.5758040341099817
489,0.0398107170553497,locgd,1.4411991419243042,1.2621162360541185
489,0.0630957344480193,appr,2.194533126812744,1.7846433876029022
489,0.0630957344480193,locgd,0.9971799083788512,0.8037576400676149
489,0.1,appr,2.581433100845304,1.343828819520196
489,0.1,locgd,0.5891355253211331,0.6766661643097883
522,0.001,appr,7.920297523137364,11.399618968775103
522,0.001,locgd,4.85095951158002,7.572202251050514
522,0.0015848931924611,appr,5.365010905866401,9.217856937156624
522,0.0015848931924611,locgd,1.9580368936968344,6.034114210141357
522,0.0025118864315095,appr,6.068415978805763,7.553994994491381
522,0.0025118864315095,locgd,5.605298958050287,4.78891100229648
522,0.0039810717055349,appr,3.6748572166113282,6.129179603282668
522,0.0039810717055349,locgd,4.619307475422898,3.776721438379231
522,0.0063095734448019,appr,3.7689467803085734,5.081056635175066
522,0.0063095734448019,locgd,3.860385675957481,3.116363866455895
522,0.01,appr,3.710665219600822,4.207888507714252
522,0.01,locgd,2.7570369632339125,2.6128485292769588
522,0.0158489319246111,appr,2.4093157379391554,3.625351596679063
522,0.0158489319246111,locgd,1.845456510389159,2.2315786605890406
522,0.0251188643150958,appr,1.762560588464809,3.045792318310606
522,0.0251188643150958,locgd,1.6424590942847708,1.8974862563132922
522,0.0398107170553497,appr,1.200671580702887,2.7125758712258
522,0.0398107170553497,locgd,1.3208027713987123,1.5601267193590678
522,0.0630957344480193,appr,2.3167216748321837,2.3071755165771695
522,0.0630957344480193,locgd,2.077924771003478,1.12410477080011
522,0.1,appr,0.755905241166244,1.5755748632570008
522,0.1,locgd,0.6029944243865283,0.7511380069870957
532,0.001,appr,8.679967700134897,11.47425443958307
532,0.001,locgd,5.119194714413864,7.569242863629023
532,0.0015848931924611,appr,2.2189447076069757,9.216982576996548
532,0.0015848931924611,locgd,1.4850716813575804,6.002820525237964
532,0.0025118864315095,appr,10.51590346526606,7.564810132590463
532,0.0025118864315095,locgd,8.44694858006555,4.781090091159204
532,0.0039810717055349,appr,9.09877525714554,6.1732684679826715
532,0.0039810717055349,locgd,5.612574952095927,3.6874548550811266
532,0.0063095734448019,appr,3.307351795284807,5.079428387496319
532,0.0063095734448019,locgd,2.793271905960152,3.075338805624868
532,0.01,appr,4.403633638759915,4.1994397388332825
532,0.01,locgd,2.5568137689513417,2.584673876373772
532,0.0158489319246111,appr,3.127349559778422,3.4873595239228035
532,0.0158489319246111,locgd,1.9908570982915614,2.145541278900102
532,0.0251188643150958,appr,2.179027673949592,2.9402471966426873
532,0.0251188643150958,locgd,1.45171528328297,1.7600347420128257
532,0.0398107170553497,appr,2.3618782810613586,2.5117840116722303
532,0.0398107170553497,locgd,2.0507551262081916,1.4671887507975565
532,0.0630957344480193,appr,2.0807263931665165,2.2535230149495726
532,0.0630957344480193,locgd,1.5498208078903928,1.1486701891227693
532,0.1,appr,0.31322341945824067,1.7976024484102313
532,0.1,locgd,0.231933429631902,0.8917149973839402
541,0.001,appr,8.45960346250494,11.421396549632902
541,0.001,locgd,4.127710693344325,7.586322943485419
541,0.0015848931924611,appr,5.878724115540573,9.10953172435192
541,0.0015848931924611,locgd,4.577522590838554,6.064689856857579
541,0.0025118864315095,appr,8.996688888657037,7.675647020500594
541,0.0025118864315095,locgd,5.927343116703327,4.838188590959314
541,0.0039810717055349,appr,4.1330047866661825,6.273409499643812
541,0.0039810717055349,locgd,4.202155988804423,3.84293366308684
541,0.0063095734448019,appr,3.8964751896506447,5.263397095344794
541,0.0063095734448019,locgd,4.504978682806507,3.1627745576416055
541,0.01,appr,3.411026053526539,4.370615811342683
541,0.01,locgd,3.6397653440479565,2.709644081109614
541,0.0158489319246111,appr,2.9133320870917783,3.6920911109397814
541,0.0158489319246111,locgd,2.9293621663879463,2.2977637088966465
541,0.0251188643150958,appr,2.310554537298861,3.146283187427371
541,0.0251188643150958,locgd,1.3443571222113984,1.9533898546474164
541,0.0398107170553497,appr,1.8415459562355156,2.708837545829762
541,0.0398107170553497,locgd,1.5074378358352538,1.4755842224567195
541,0.0630957344480193,appr,1.3031092667684006,2.128266602802699
541,0.0630957344480193,locgd,0.9349005923911167,1.002606258087592
541,0.1,appr,1.862769699162226,1.2800356454434547
541,0.1,locgd,0.718418467170448,0.6821175400782347
567,0.001,appr,8.363128064626483,11.46694940319025
567,0.001,locgd,5.1922455757885375,7.560576538776113
567,0.0015848931924611,appr,8.087125197517464,9.201317299897926
567,0.0015848931924611,locgd,8.542039125252396,5.992947093840703
567,0.0025118864315095,appr,6.069495834966984,7.504107753946316
567,0.0025118864315095,locgd,5.758821153530633,4.807310196260334
567,0.0039810717055349,appr,4.777072536501431,6.217208139985678
567,0.0039810717055349,locgd,4.367447579774952,3.7196303008180394
567,0.0063095734448019,appr,4.206423213960859,5.133388573706503
567,0.0063095734448019,locgd,2.5850283671189627,3.098755667669279
567,0.01,appr,3.699809355264616,4.270361093588156
567,0.01,locgd,2.787823566127725,2.6230454229684153
567,0.0158489319246111,appr,2.528162025826669,3.639801259866133
567,0.0158489319246111,locgd,4.166854524097862,2.2382912517287754
567,0.0251188643150958,appr,3.1437534254956696,2.9275073041859385
567,0.0251188643150958,locgd,2.215942276489917,1.9057374628208226
567,0.0398107170553497,appr,1.6418612482879682,2.633936160249648
567,0.0398107170553497,locgd,1.404870261441155,1.574650725061686
567,0.0630957344480193,appr,1.3051555072285776,2.221066575475102
567,0.0630957344480193,locgd,0.9282723687565337,1.2374338548725918
567,0.1,appr,1.3065878755752767,1.8123805340558607
567,0.1,locgd,1.190616031118848,0.8711789750029633
571,0.001,appr,8.635123926690675,11.638588747768988
571,0.001,locgd,4.570006762588636,7.718413922717585
571,0.0015848931924611,appr,7.121646350426495,9.528522578912266
571,0.0015848931924611,locgd,6.736215030184555,6.179771717443919
571,0.0025118864315095,appr,6.277470976937014,7.8522305925997795
571,0.0025118864315095,locgd,5.653765183562785,4.97675968602751
571,0.0039810717055349,appr,8.161867328798776,6.580564428924741
571,0.0039810717055349,locgd,5.655505263003772,4.005284463882504
571,0.0063095734448019,appr,4.640222041001609,5.528382947120982
571,0.0063095734448019,locgd,3.7378461000680847,3.332806162589862
571,0.01,appr,4.657276086747722,4.879131491728746
571,0.01,locgd,3.21727627153037,2.9198792861536624
571,0.0158489319246111,appr,3.8239673510499173,3.8929178019996535
571,0.0158489319246111,locgd,3.198998999674637,2.4756762061021345
571,0.0251188643150958,appr,2.673746350028894,3.247915344169146
571,0.0251188643150958,locgd,2.214684052727921,1.8105203880721068
571,0.0398107170553497,appr,1.8940276133970324,2.4353132877345556
571,0.0398107170553497,locgd,0.985509556156088,1.0727568487832009
571,0.0630957344480193,appr,1.6675277513048319,1.2256729207084216
571,0.0630957344480193,locgd,0.48977176396598787,0.7559389907338842
571,0.1,appr,0.5591403807928574,0.9232406655793782
571,0.1,locgd,0.16038467933971898,0.7156662045760293
583,0.001,appr,7.187051790787169,11.38130414624956
583,0.001,locgd,4.28957140059779,7.5677448659018305
583,0.0015848931924611,appr,9.464482292662,9.217896688551319
583,0.0015848931924611,locgd,6.66705675592453,6.006003696045372
583,0.0025118864315095,appr,6.57065134350046,7.5171884138570295
583,0.0025118864315095,locgd,5.253683924447187,4.79154220659818
583,0.0039810717055349,appr,4.6642409353171805,6.139982246065318
583,0.0039810717055349,locgd,4.418709172245572,3.6987880365498937
583,0.0063095734448019,appr,4.554968767289041,5.089557536163808
583,0.0063095734448019,locgd,3.5882502786466404,3.10207776171268
583,0.01,appr,4.304643431861593,4.2634611884518305
583,0.01,locgd,2.754576934090666,2.5900465505537817
583,0.0158489319246111,appr,3.158128871424676,3.565721371174023
583,0.0158489319246111,locgd,2.81843228212836,2.1935654851722783
583,0.0251188643150958,appr,2.1716541502398883,2.9756591457957557
583,0.0251188643150958,locgd,2.181842655292873,1.7760475764873431
583,0.0398107170553497,appr,1.9751822345467906,2.475651708622565
583,0.0398107170553497,locgd,1.1437844660457157,1.4880644492895907
583,0.0630957344480193,appr,1.3615295143103407,2.2928717714138522
583,0.0630957344480193,locgd,1.1790688906079423,1.1579052236791658
583,0.1,appr,0.8340199952843885,1.9665569147398667
583,0.1,locgd,0.723414354364618,0.880269208430448
609,0.001,appr,7.00900747756219,11.330426645927423
609,0.001,locgd,3.8597070147307773,7.580271964578984
609,0.0015848931924611,appr,1.9075120511364478,9.123912630601342
609,0.0015848931924611,locgd,2.000682972854687,6.021317906547152
609,0.0025118864315095,appr,13.549517273963367,7.588761779176362
609,0.0025118864315095,locgd,13.830060172836014,4.808824294727652
609,0.0039810717055349,appr,7.954912795350696,6.214732333985427
609,0.0039810717055349,locgd,6.951143194514125,3.7284425159512735
609,0.0063095734448019,appr,3.0311190841870204,5.0868727982956745
609,0.0063095734448019,locgd,2.3173275017247725,3.0920894409379183
609,0.01,appr,4.0225209067403735,4.26184886238661
609,0.01,locgd,2.515322313250207,2.585457136178217
609,0.0158489319246111,appr,3.0003079137640456,3.6211300927450005
609,0.0158489319246111,locgd,3.1106038615499814,2.227150333562909
609,0.0251188643150958,appr,2.381367930459653,3.0275949298624796
609,0.0251188643150958,locgd,1.4670038228154718,1.8518989512045634
609,0.0398107170553497,appr,2.109089061095103,2.597049657796217
609,0.0398107170553497,locgd,1.1981423007255971,1.5164331355400424
609,0.0630957344480193,appr,1.7743178346751145,2.3143309986306253
609,0.0630957344480193,locgd,1.1122914998174884,1.1808354936828616
609,0.1,appr,0.3081059532998024,1.963429691896878
609,0.1,locgd,0.14437358572112818,0.8872740389620796
627,0.001,appr,7.465202276750793,11.250163119625169
627,0.001,locgd,5.467564383486373,7.551752792365573
627,0.0015848931924611,appr,7.595103563528471,9.144349565706806
627,0.0015848931924611,locgd,3.743212343364428,6.006027544051328
627,0.0025118864315095,appr,5.835021992975358,7.467161960341756
627,0.0025118864315095,locgd,5.583944771287735,4.750868382199709
627,0.0039810717055349,appr,5.102636400356738,6.10754753722617
627,0.0039810717055349,locgd,4.284856731196823,3.6503682484674407
627,0.0063095734448019,appr,3.0221659284678486,4.999707874607766
627,0.0063095734448019,locgd,2.846637557334166,3.030435649020794
627,0.01,appr,3.9797269049101907,4.099737413311261
627,0.01,locgd,3.2106399923771156,2.5245855819492444
627,0.0158489319246111,appr,3.133132087485532,3.418330182044243
627,0.0158489319246111,locgd,2.540871994941134,2.1059656807715808
627,0.0251188643150958,appr,1.5097659623860953,2.8629293526196644
627,0.0251188643150958,locgd,2.1358790232721843,1.6856328734648554
627,0.0398107170553497,appr,1.7758179726318366,2.379715949461242
627,0.0398107170553497,locgd,1.7713788609222463,1.400760153476501
627,0.0630957344480193,appr,2.074016275766449,2.1377393539204292
627,0.0630957344480193,locgd,0.6766108770445042,1.1303196711370875
627,0.1,appr,1.662682798087241,1.880935729359631
627,0.1,locgd,0.8985770095472919,0.909535249648059
654,0.001,appr,7.612047669826334,11.460202766328559
654,0.001,locgd,4.226521342657455,7.571600928455446
654,0.0015848931924611,appr,26.277411649498163,9.179323414418773
654,0.0015848931924611,locgd,15.915887875073507,6.0224662517825776
654,0.0025118864315095,appr,3.2721296468995873,7.555127252573858
654,0.0025118864315095,locgd,2.2024017979813912,4.773677301084364
654,0.0039810717055349,appr,6.713305554426344,6.1578756734868145
654,0.0039810717055349,locgd,5.236492662280454,3.707265275168667
654,0.0063095734448019,appr,4.78804416107731,5.014973014746593
654,0.0063095734448019,locgd,4.487064627584219,3.0696073136434006
654,0.01,appr,3.268512201682507,4.076963230390765
654,0.01,locgd,1.7912310956520558,2.5382754116833985
654,0.0158489319246111,appr,3.0841273348941343,3.447437145083133
654,0.0158489319246111,locgd,2.4364458962605586,2.1532066735671664
654,0.0251188643150958,appr,2.3232379895556035,2.946246295151109
654,0.0251188643150958,locgd,1.9535615872914214,1.7289634467780428
654,0.0398107170553497,appr,2.8504334802376547,2.4432854176469827
654,0.0398107170553497,locgd,1.9065840995474137,1.472365432788683
654,0.0630957344480193,appr,2.8995912292723856,2.1785652054204254
654,0.0630957344480193,locgd,1.3883289663537108,1.1695255114581184
654,0.1,appr,2.986198751992551,1.8967922305719482
654,0.1,locgd,1.2832182428681136,0.8810715771018769
661,0.001,appr,6.659738211229838,11.317417487349347
661,0.001,locgd,4.154507621483062,7.546776218338791
661,0.0015848931924611,appr,8.303448704663737,9.142639614325175
661,0.0015848931924611,locgd,10.90757389024904,5.978170959948318
661,0.0025118864315095,appr,6.445983077429311,7.520637150561777
661,0.0025118864315095,locgd,5.441130955715104,4.754803141292827
661,0.0039810717055349,appr,4.7956248531968235,6.1616317085404235
661,0.0039810717055349,locgd,6.851935709076987,3.6413026061627445
661,0.0063095734448019,appr,3.2882082889642206,5.01418776265836
661,0.0063095734448019,locgd,3.5260364964636444,3.027608324322562
661,0.01,appr,2.6656414990207438,4.119782621705939
661,0.01,locgd,2.51550551470614,2.5289632490484397
661,0.0158489319246111,appr,2.4060226555450623,3.4458072258994408
661,0.0158489319246111,locgd,3.0635697763092975,2.1171485409988864
661,0.0251188643150958,appr,2.3963970758975672,2.839479821125705
661,0.0251188643150958,locgd,1.5535708350253647,1.7344625958511197
661,0.0398107170553497,appr,1.9173282501210116,2.420275064353184
661,0.0398107170553497,locgd,1.6424027080290184,1.5053092083375448
661,0.0630957344480193,appr,1.863610529069933,2.092306111220063
661,0.0630957344480193,locgd,1.5459359060867384,1.2346756409750002
661,0.1,appr,2.068676567103832,1.9187890850316074
661,0.1,locgd,0.9772548055389436,0.8999504314396688
725,0.001,appr,8.61109338934191,11.418961302117253
725,0.001,locgd,4.138027691434587,7.606032719365398
725,0.0015848931924611,appr,20.16828368599298,9.3233281420498
725,0.0015848931924611,locgd,12.873281335984323,6.058919737068859
725,0.0025118864315095,appr,11.77701412884487,7.6566919768870045
725,0.0025118864315095,locgd,8.549306252183916,4.833109419943524
725,0.0039810717055349,appr,4.559461112833878,6.3041561567187845
725,0.0039810717055349,locgd,3.7095478280640264,3.8930668372077974
725,0.0063095734448019,appr,5.970138517104378,5.233568300617907
725,0.0063095734448019,locgd,4.031581426555308,3.13454069088469
725,0.01,appr,4.133130241324749,4.426040819134816
725,0.01,locgd,3.0939013376600504,2.70721824618392
725,0.0158489319246111,appr,3.5696117478356824,3.661082970022896
725,0.0158489319246111,locgd,2.963716381367596,2.2446898035282867
725,0.0251188643150958,appr,3.1264507305773606,3.0818305929319623
725,0.0251188643150958,locgd,1.6701765845244836,1.7852237095770849
725,0.0398107170553497,appr,2.3823368542167724,2.65305931805263
725,0.0398107170553497,locgd,1.0573637341598334,1.36570346141688
725,0.0630957344480193,appr,1.3609493550870664,2.129333858675158
725,0.0630957344480193,locgd,1.6081107680037292,1.0349557256628117
725,0.1,appr,1.289067090826699,1.3084921394692952
725,0.1,locgd,0.38018679091710694,0.7014137748723642
785,0.001,appr,8.093485972440325,11.470379107149865
785,0.001,locgd,3.6040171361888853,7.58668876526479
785,0.0015848931924611,appr,12.889051862488294,9.130039562281297
785,0.0015848931924611,locgd,15.43039418958914,6.081943811707735
785,0.0025118864315095,appr,5.4488848116239375,7.557349225400268
785,0.0025118864315095,locgd,5.22398704875768,4.818704407590756
785,0.0039810717055349,appr,6.196605732755746,6.219510045275756
785,0.0039810717055349,locgd,4.894323399541193,3.7804529832356324
785,0.0063095734448019,appr,4.10067122542315,5.137872917188294
785,0.0063095734448019,locgd,3.412901975892161,3.124283888286584
785,0.01,appr,5.29219170921892,4.3236557995821325
785,0.01,locgd,3.5707977313344874,2.653819518302667
785,0.0158489319246111,appr,2.8694678553744284,3.6356435937445992
785,0.0158489319246111,locgd,2.0828536137171523,2.2298090737808214
785,0.0251188643150958,appr,2.0260339215522767,3.0939321413694705
785,0.0251188643150958,locgd,1.5548936228239933,1.7953137002874147
785,0.0398107170553497,appr,2.2823139210115198,2.6242289796281693
785,0.0398107170553497,locgd,1.3863434271332569,1.3647876719551828
785,0.0630957344480193,appr,1.6703266091201754,2.1471124451795154
785,0.0630957344480193,locgd,1.4971664944905585,1.055566986201248
785,0.1,appr,1.7222376501214949,1.771718760389497
785,0.1,locgd,0.490532858909965,0.7494217817239727
788,0.001,appr,7.795157456757098,11.42807938632897
788,0.001,locgd,3.832908080588784,7.564937561938835
788,0.0015848931924611,appr,17.64559933098024,9.20715299988844
788,0.0015848931924611,locgd,16.661079084604093,6.083123666580441
788,0.0025118864315095,appr,8.068710224799018,7.51903264121884
788,0.0025118864315095,locgd,7.66139805890869,4.784857919073048
788,0.0039810717055349,appr,4.946608642439328,6.128236871282203
788,0.0039810717055349,locgd,4.169038958780447,3.6884909595009385
788,0.0063095734448019,appr,3.934141016669503,5.12335672493712
788,0.0063095734448019,locgd,3.78279326820351,3.0961716998439934
788,0.01,appr,3.434115856557466,4.2510810582502865
788,0.01,locgd,2.2737068729377468,2.6174708170650565
788,0.0158489319246111,appr,2.8372911720141416,3.5524427272090455
788,0.0158489319246111,locgd,2.5845402123988137,2.2218660005975557
788,0.0251188643150958,appr,3.075359551133019,3.0774531187688203
788,0.0251188643150958,locgd,2.0278741604666815,1.87929209566285
788,0.0398107170553497,appr,2.4347905105330954,2.5682442202659104
788,0.0398107170553497,locgd,1.6686274905356993,1.593608365165772
788,0.0630957344480193,appr,2.1852393414125717,2.2825104654387105
788,0.0630957344480193,locgd,1.2706505625843723,1.209920856376025
788,0.1,appr,1.821408357512544,1.7819897185239322
788,0.1,locgd,0.9870580347668994,0.8725416352431326
797,0.001,appr,7.403537315996237,11.434680560843129
797,0.001,locgd,4.515507323651467,7.589190902648954
797,0.0015848931924611,appr,11.834300608509436,9.251362982248711
797,0.0015848931924611,locgd,12.61162556596519,6.0551563811471905
797,0.0025118864315095,appr,9.237826175722326,7.555135546532322
797,0.0025118864315095,locgd,8.758637152502658,4.8461076484887835
797,0.0039810717055349,appr,5.8859234470511135,6.219746765087583
797,0.0039810717055349,locgd,4.161511642719514,3.8068853239339764
797,0.0063095734448019,appr,4.479104735645468,5.139433219482821
797,0.0063095734448019,locgd,3.125877419030927,3.151928851277047
797,0.01,appr,4.334658640654687,4.378717542527961
797,0.01,locgd,3.233010554019796,2.654524158940686
797,0.0158489319246111,appr,2.7595556879066407,3.638852697815751
797,0.0158489319246111,locgd,1.8862974194569486,2.1933823744145906
797,0.0251188643150958,appr,2.6525764144102735,3.0965514054263688
797,0.0251188643150958,locgd,1.552797330171661,1.7902687791696112
797,0.0398107170553497,appr,2.485694773575634,2.616748375402603
797,0.0398107170553497,locgd,1.4710219307506287,1.393535757358492
797,0.0630957344480193,appr,2.485890968123012,2.1198032481883824
797,0.0630957344480193,locgd,0.9880399094058818,0.9722684074309246
797,0.1,appr,0.8449367521964871,1.557395900304025
797,0.1,locgd,0.8162197847577735,0.7252651355114395
800,0.001,appr,6.573308023674405,11.353335771565774
800,0.001,locgd,4.837902664148011,7.54376059287679
800,0.0015848931924611,appr,3.1053450476296285,9.184284374371092
800,0.0015848931924611,locgd,1.515924234998949,6.00277702211343
800,0.0025118864315095,appr,9.361981458787199,7.52898379287274
800,0.0025118864315095,locgd,8.48437471326971,4.758559587965341
800,0.0039810717055349,appr,6.431123919545691,6.1776201493385665
800,0.0039810717055349,locgd,5.4773715137117085,3.689425350662895
800,0.0063095734448019,appr,4.934773509989642,5.082087379197903
800,0.0063095734448019,locgd,3.7041061827139616,3.0957603288852122
800,0.01,appr,3.3505780233347524,4.24833762832242
800,0.01,locgd,2.8823447124222334,2.5849127155658302
800,0.0158489319246111,appr,2.6003928729704486,3.53790223807148
800,0.0158489319246111,locgd,1.8151151370873113,2.1779278851340287
800,0.0251188643150958,appr,1.9991421179497524,2.8722129361822506
800,0.0251188643150958,locgd,1.5618755467197498,1.8333892537334624
800,0.0398107170553497,appr,2.487892610788047,2.578620207869858
800,0.0398107170553497,locgd,1.0565987896083202,1.5138075487183718
800,0.0630957344480193,appr,1.7688681007033955,2.245485312281848
800,0.0630957344480193,locgd,0.9751923206092739,1.1630388171687531
800,0.1,appr,0.6183919498149973,1.9530944515793196
800,0.1,locgd,0.3663263329787896,0.9164936708188492
804,0.001,appr,6.921846451892798,11.556558695633532
804,0.001,locgd,5.38881555721932,7.620104057220791
804,0.0015848931924611,appr,26.63399265093053,9.393335336815886
804,0.0015848931924611,locgd,18.746531774377466,6.124712845212905
804,0.0025118864315095,appr,5.382343109896863,7.677827506850227
804,0.0025118864315095,locgd,2.753201220140293,4.8755768418430145
804,0.0039810717055349,appr,4.609570033701321,6.388601877448322
804,0.0039810717055349,locgd,4.443358145048468,3.944980542200741
804,0.0063095734448019,appr,3.924402173908988,5.396548224920457
804,0.0063095734448019,locgd,3.7745588398913044,3.2168091608652034
804,0.01,appr,3.6751534406240642,4.641207205136348
804,0.01,locgd,3.280586721601472,2.8024062818264492
804,0.0158489319246111,appr,2.887704144526608,3.902195934999042
804,0.0158489319246111,locgd,2.185633506964584,2.3760583315108335
804,0.0251188643150958,appr,3.0174533581690763,3.2125432290423297
804,0.0251188643150958,locgd,2.1016649744136053,1.8731814735203838
804,0.0398107170553497,appr,2.976220737634321,2.646567284383725
804,0.0398107170553497,locgd,0.9457122919640175,1.4116070256572484
804,0.0630957344480193,appr,2.1627961118021206,2.051913066077849
804,0.0630957344480193,locgd,1.0209843578551108,0.9372876135326368
804,0.1,appr,1.7398572344046583,1.1589497223373697
804,0.1,locgd,0.6959831188958906,0.7105763610642858
857,0.001,appr,7.814768793433621,11.477793124725245
857,0.001,locgd,4.0462518064657145,7.575310255403216
857,0.0015848931924611,appr,6.975310830715916,9.193656866575457
857,0.0015848931924611,locgd,6.55997823738076,6.047321369021165
857,0.0025118864315095,appr,6.510872784190997,7.587715845029944
857,0.0025118864315095,locgd,6.247339868242223,4.842356203864086
857,0.0039810717055349,appr,4.368348510231734,6.175873407090329
857,0.0039810717055349,locgd,3.861094335170931,3.8340093899630032
857,0.0063095734448019,appr,4.985827568182115,5.1824484587145285
857,0.0063095734448019,locgd,3.685154216748745,3.0863403036456596
857,0.01,appr,3.412011735156583,4.322701087355823
857,0.01,locgd,2.7766318846479803,2.6486292600628096
857,0.0158489319246111,appr,2.194206286998258,3.627841962940951
857,0.0158489319246111,locgd,1.3933410369569652,2.190758357232312
857,0.0251188643150958,appr,3.1961459390680518,3.0849029614589623
857,0.0251188643150958,locgd,1.70027292509672,1.7207480225499285
857,0.0398107170553497,appr,1.6029817801569881,2.6296932398949395
857,0.0398107170553497,locgd,1.142552450869614,1.3814015796336199
857,0.0630957344480193,appr,2.0818746597395563,2.31209243159543
857,0.0630957344480193,locgd,0.9009293142638277,1.0889300419409498
857,0.1,appr,1.3332801569641073,1.7305238927638575
857,0.1,locgd,0.5632131632212722,0.8285431044184304
922,0.001,appr,7.903659353841312,11.403826840599974
922,0.001,locgd,4.310699522897426,7.59958863611041
922,0.0015848931924611,appr,5.07428678524563,9.235795559798847
922,0.0015848931924611,locgd,2.9713503600789566,6.064604737342661
922,0.0025118864315095,appr,5.961209589829488,7.53915854920473
922,0.0025118864315095,locgd,5.17184521921141,4.805275024400789
922,0.0039810717055349,appr,3.8529065978912254,6.255847073657487
922,0.0039810717055349,locgd,3.6242873789015437,3.778214763420767
922,0.0063095734448019,appr,4.223426544454586,5.179800245277934
922,0.0063095734448019,locgd,3.190002382573086,3.1364876348923727
922,0.01,appr,2.908417042291737,4.316488227414067
922,0.01,locgd,2.7014093124079674,2.5825173364551937
922,0.0158489319246111,appr,2.6926590196424156,3.615237911078699
922,0.0158489319246111,locgd,1.4782206632054076,2.082448526672858
922,0.0251188643150958,appr,1.9520668109441393,3.0627807499522923
922,0.0251188643150958,locgd,1.6371458466740183,1.7431605978995006
922,0.0398107170553497,appr,3.05247973441242,2.6030178186699886
922,0.0398107170553497,locgd,1.9476568617214607,1.4588057128367289
922,0.0630957344480193,appr,1.7541706179493513,2.1676506765229955
922,0.0630957344480193,locgd,0.7501998082012201,1.0919635792759703
922,0.1,appr,1.1039878782875976,1.7409253950338748
922,0.1,locgd,0.6040257149309686,0.8485770585914684
934,0.001,appr,8.402479559367197,11.46295654887792
934,0.001,locgd,3.9374356052080652,7.63194158502124
934,0.0015848931924611,appr,16.196949344117083,9.326729816719352
934,0.0015848931924611,locgd,10.245707989152528,6.109131584934312
934,0.0025118864315095,appr,3.22550486049078,7.7918532886683725
934,0.0025118864315095,locgd,2.0722589887850216,4.883919749090611
934,0.0039810717055349,appr,7.010281124755718,6.398348913780389
934,0.0039810717055349,locgd,6.693157484943855,3.9494067499119105
934,0.0063095734448019,appr,5.077845587975115,5.354251303276505
934,0.0063095734448019,locgd,4.531828812385083,3.224593584583283
934,0.01,appr,4.489927713181371,4.527654976163177
934,0.01,locgd,1.8643767240866567,2.737817223863337
934,0.0158489319246111,appr,3.4140954854019343,3.8488537773758695
934,0.0158489319246111,locgd,2.6737641262774376,2.3419519890536433
934,0.0251188643150958,appr,2.9874855329532486,3.1741559571245745
934,0.0251188643150958,locgd,2.4004862629497556,1.9410920302642198
934,0.0398107170553497,appr,1.923379647475941,2.6168532023281315
934,0.0398107170553497,locgd,1.199789790100851,1.3265956096063563
934,0.0630957344480193,appr,0.9716173029748661,1.6893668628050036
934,0.0630957344480193,locgd,0.6670420603873921,0.8344385637555968
934,0.1,appr,1.1669029215791131,1.0416432956798247
934,0.1,locgd,0.6016166681237997,0.6318160816488033
943,0.001,appr,6.9535253335232765,11.433852507906117
943,0.001,locgd,4.506559647461455,7.621190470089228
943,0.0015848931924611,appr,2.0741983260789914,9.220580865568932
943,0.0015848931924611,locgd,1.6577846173077748,6.055476797345762
943,0.0025118864315095,appr,11.694166130387453,7.613687570387406
943,0.0025118864315095,locgd,11.512790580278777,4.844499547272901
943,0.0039810717055349,appr,8.851084981231395,6.237595636926759
943,0.0039810717055349,locgd,7.200372480485577,3.7283474608768596
943,0.0063095734448019,appr,2.974270512962224,5.212704435265712
943,0.0063095734448019,locgd,3.410828282037988,3.1612188356613253
943,0.01,appr,3.7109255044713625,4.3588884288973695
943,0.01,locgd,2.9804610463983683,2.685959082550494
943,0.0158489319246111,appr,3.119752338756622,3.6679528211029577
943,0.0158489319246111,locgd,2.1838427934140547,2.2963341191469024
943,0.0251188643150958,appr,2.576007936726315,3.1146138152275595
943,0.0251188643150958,locgd,1.8621241944751201,1.8983834238648947
943,0.0398107170553497,appr,2.08026120864892,2.6213762760822426
943,0.0398107170553497,locgd,1.454713707912609,1.564193595899876
943,0.0630957344480193,appr,1.2495777305991913,2.161467846880415
943,0.0630957344480193,locgd,1.7465031472038763,1.1382216749012386
943,0.1,appr,0.1855805211043882,1.7744713464563964
943,0.1,locgd,0.15726135787412182,0.8549354389687736
962,0.001,appr,6.590008254274776,11.430246554145103
962,0.001,locgd,5.358814591195175,7.5685139495179845
962,0.0015848931924611,appr,14.55093380740667,9.24344291613646
962,0.0015848931924611,locgd,16.824836420339835,6.025576292745273
962,0.0025118864315095,appr,10.959503029092776,7.549868018550228
962,0.0025118864315095,locgd,8.351545939343067,4.776545286368994
962,0.0039810717055349,appr,4.714628211619337,6.157477756067597
962,0.0039810717055349,locgd,3.2908448948727544,3.691501913323404
962,0.0063095734448019,appr,3.4012197685145296,5.016984941370912
962,0.0063095734448019,locgd,3.6657366298131726,3.0876301621519335
962,0.01,appr,3.6772950792107566,4.223965396605237
962,0.01,locgd,2.6478897074873946,2.5674191020583716
962,0.0158489319246111,appr,3.488589089055509,3.5146679358300146
962,0.0158489319246111,locgd,2.4605247644095845,2.1623275097092867
962,0.0251188643150958,appr,2.746108629987403,2.974810519109702
962,0.0251188643150958,locgd,1.7711920130210028,1.815797630860284
962,0.0398107170553497,appr,2.394360437118711,2.486755990262965
962,0.0398107170553497,locgd,1.6339832520930007,1.4529633757518274
962,0.0630957344480193,appr,1.3305234893000752,2.2420726799142967
962,0.0630957344480193,locgd,1.4688744260374866,1.1441079742253053
962,0.1,appr,1.7744444633930445,1.963547513004734
962,0.1,locgd,0.7222189136215981,0.896202112997655
969,0.001,appr,7.080721619118049,11.349999432658654
969,0.001,locgd,4.343615396987655,7.566004071275841
969,0.0015848931924611,appr,9.078877098930285,9.211230321977851
969,0.0015848931924611,locgd,12.271945610148133,5.995113568435515
969,0.0025118864315095,appr,4.833878589713448,7.537813304192922
969,0.0025118864315095,locgd,4.9332070315040815,4.771365974731212
969,0.0039810717055349,appr,5.114318512959323,6.065903620796834
969,0.0039810717055349,locgd,5.2410583546552685,3.6486741402381804
969,0.0063095734448019,appr,3.1939216237776518,5.04657522767809
969,0.0063095734448019,locgd,3.5502519834932253,3.0626173244540738
969,0.01,appr,3.838684805885462,4.160113032102975
969,0.01,locgd,2.8078215690194868,2.531818304242316
969,0.0158489319246111,appr,2.0911356549139177,3.4449533359129836
969,0.0158489319246111,locgd,2.432771496838494,2.15133743603225
969,0.0251188643150958,appr,2.5309370117159156,2.837459679164082
969,0.0251188643150958,locgd,1.7244459295064472,1.8046347419973605
969,0.0398107170553497,appr,2.246807005380042,2.4782708712878065
969,0.0398107170553497,locgd,1.6494540020269195,1.5389092848012282
969,0.0630957344480193,appr,1.8068486781303645,2.24160626637535
969,0.0630957344480193,locgd,1.2255927736708638,1.1946960618392035
969,0.1,appr,2.075505711727933,1.9782777662397704
969,0.1,locgd,0.9806938332033621,0.8882097527626426
996,0.001,appr,7.749141264545521,11.51310447234241
996,0.001,locgd,4.351476831892729,7.6423152189623265
996,0.0015848931924611,appr,6.267593172275207,9.34010034434848
996,0.0015848931924611,locgd,4.987548689471521,6.117737880244894
996,0.0025118864315095,appr,7.5304070723428875,7.677237416221765
996,0.0025118864315095,locgd,6.327061454992513,4.861139385280333
996,0.0039810717055349,appr,5.831138983343033,6.316353586521892
996,0.0039810717055349,locgd,5.595068115995177,3.8000064747852584
996,0.0063095734448019,appr,4.4275900124439405,5.2568467151629035
996,0.0063095734448019,locgd,3.706784808227442,3.2335919369772963
996,0.01,appr,3.5050362364600303,4.52898337200419
996,0.01,locgd,2.5359613056317776,2.747313392746371
996,0.0158489319246111,appr,3.7534837347567853,3.8025820740108385
996,0.0158489319246111,locgd,2.4095169058475685,2.328935025112592
996,0.0251188643150958,appr,3.374720190701631,3.255245533026044
996,0.0251188643150958,locgd,3.712962338174847,1.968644967033924
996,0.0398107170553497,appr,2.0373355925607997,2.7055594247652595
996,0.0398107170553497,locgd,1.8857903964125469,1.531272843896557
996,0.0630957344480193,appr,2.2722835659930696,2.1576764395909174
996,0.0630957344480193,locgd,1.1753554759451457,1.0161283836556887
996,0.1,appr,2.700373444496271,1.3798824992148448
996,0.1,locgd,0.7277881653338888,0.7323610310337477
